FEEDBACK,SELLER NAME,PRODUCT NAME,PRODUCT PRICE
Good Seller - Item as Advertised - Quick Ship,null,Canon PG-240XL Ink Cartridge - Black (#,US $24.98
Thank you for an easy- pleasant transaction. Excellent buyer. ~adidas_official,adidas_official,null,null
Thank you for an easy- pleasant transaction. Excellent buyer. ~adidas_official,adidas_official,null,null
Thank you for an easy- pleasant transaction. Excellent buyer. ~adidas_official,adidas_official,null,null
Thank you for an easy- pleasant transaction. Excellent buyer. ~adidas_official,adidas_official,null,null
Speedy and product exactly  as described. Great seller!,null,Brand New Apple iPad 32GB - Space Grey (2017 Model) (#,US $246.96
fast shipping- item as advertised ,null,Brand New Apple iPad 32GB - Space Grey (2017 Model) (#,US $269.96
Thank you!!  Item like described.  Great Seller! ,null,Brand New Apple iPad 5th Gen. 32GB- Wi-Fi- 9.7in - Gold (#274146207819),US $239.98
Great value and as advertised,null,Brand New Apple iPad 32GB - Space Grey (2017 Model) (#223793534018),US $249.96
Great seller.  Item was as advertised.,null,Brand New Apple iPad 5th Gen. 32GB- Wi-Fi- 9.7in - Gold (#223793532311),US $238.98
Great seller good to have a business with you,null,Brand New Apple iPad 5th Gen. 32GB- Wi-Fi- 9.7in - Gold (#274146207819),US $239.98
Thanks,null,Nintendo Switch - 32GB Gray Console - (with Gray Joy-Cons) (#223775664915),US $324.89
Love the item!!,null,Brand New Apple iPad 5th Gen. 32GB- Wi-Fi- 9.7in - Gold (#223793532311),US $238.98
Excellent ebayer- would buy again. Fast Shipping!,null,Apple iPad mini 4 128GB- Wi-Fi- 7.9in - Gold (#223787251107),US $318.98
Fast shipping- product was as described.,null,Nintendo Switch - 32GB Gray Console (with Neon Red/Neon Blue Joy-Con) (#273599256653),US $324.98
Fast shipment.  Recommended seller.,null,Apple iPad 32GB - Space Grey (2017 Model) (#273558185029),US $250.98
A+++++seller. VertrauenswÃ¼rdige VerkÃ¤ufer! ,null,Moto Insta-Share Projector (#223750258952),US $99.98
Quick response and fast payment. Perfect! THANKS!! ~adidas_official,adidas_official,null,null
Great communication. A pleasure to do business with. ~adidas_official,adidas_official,null,null
Thank you so much for sharing eBay with us.  PayPal Digital Gifts,paypal_digital_gifts,null,null
Professional company. Would recommend to anyone. Great item. ,null,Apple iPad mini 4 128GB- Wi-Fi- 7.9in - Space Gray (#273581498778),US $329.98
Thks,null,Nintendo Switch - 32GB Gray Console (with Neon Red/Neon Blue Joy-Con) (#273590818098),US $329.98
FRAUD SELLER-CANCELLD ORDER WITHOUT INFORMING ME-NEVER SHIPPED THE ITEM-AVOID,null,Nintendo Switch - 32GB Gray Console - (with Gray Joy-Cons) (#273558251620),US $329.89
Good buyer- prompt payment- valued customer- highly recommended.,dirtdevil,null,null
Received an awesome new laptop! Loving it so much! Thank you!!,null,Lenovo IdeaPad 110s 11.6" (32GB- Intel Celeron N- 2.60GHz- 2GB) Laptop - White (#223224740841),US $149.98
Terrible seller- NOT RECOMMENDED- BEWARE!,null,Nintendo Switch - 32GB Gray Console - (with Gray Joy-Cons) (#273558251620),US $329.89
Crocs approved! Super fast payment. Prompt response. Come back soon.,crocsoutlet,null,null
Crocs approved! Super fast payment. Prompt response. Come back soon.,crocsoutlet,null,null
Great service Thanks!!!,null,Google Chromecast (2nd Generation) HD Media Streamer - Black (#273510110836),US $34.98
Great Product -- Fast Shipping -- No Problems!,null,Lenovo IdeaPad 110s 11.6" (32GB- Intel Celeron N- 2.60GHz- 2GB) Laptop - White (#223206750174),US $149.98
Thank you for an easy- pleasant transaction. Excellent buyer. ~adidas_official,adidas_official,null,null
Great communication. A pleasure to do business with. ~adidas_official,adidas_official,null,null
Great communication. A pleasure to do business with. ~adidas_official,adidas_official,null,null
Great communication. A pleasure to do business with. ~adidas_official,adidas_official,null,null
Good buyer- prompt payment- valued customer- highly recommended.~adidas_official,adidas_official,null,null
Good buyer- prompt payment- valued customer- highly recommended.~adidas_official,adidas_official,null,null
Good buyer- prompt payment- valued customer- highly recommended.~adidas_official,adidas_official,null,null
Great communication. A pleasure to do business with. ~adidas_official,adidas_official,null,null
Great communication. A pleasure to do business with. ~adidas_official,adidas_official,null,null
Quick response and fast payment. Perfect! THANKS!! ~adidas_official,adidas_official,null,null
Quick response and fast payment. Perfect! THANKS!! ~adidas_official,adidas_official,null,null
Thank you so much for sharing eBay with us.  PayPal Digital Gifts,paypal_digital_gifts,null,null
Thank you for an easy- pleasant transaction. Excellent buyer. ~adidas_official,adidas_official,null,null
Thank you for an easy- pleasant transaction. Excellent buyer. ~adidas_official,adidas_official,null,null
Quick response and fast payment. Perfect! THANKS!! ~adidas_official,adidas_official,null,null
Good buyer- prompt payment- valued customer- highly recommended.,dirtdevil,null,null
Instant payment. Excellent buyer! Thank you,matchqqqq,null,null
Great item and super fast shipping! Thanks! A+++,null,Canon PowerShot A3500 IS 16.0 MP Digital Camera - Red (#222383505289),US $109.98
Many thanks from *GALPIN HONDA MISSION HILLS* Excellent Ebayer!!!!!!!!!,galpinhonda,null,null
Had a small issue but seller took care of the problem right away- very pleased!,null,Hoover TwinTank Steam Mop- WH20200 (#271817026002),US $84.98
Perfect!  Thank you!,null,Canon PowerShot A3500 IS 16.0 MP Digital Camera - Red (#222383505289),US $89.98
Smooth transaction- fast shipping....  A+++,null,Canon PowerShot A3500 IS 16.0 MP Digital Camera - Red (#222383505289),US $89.98
Fast Shipping- great item- Would buy again- AAAAAAAAAAAAAAAA++++++++++++++,null,Canon PowerShot A3500 IS 16.0 MP Digital Camera - Red (#222383505289),US $89.98
Thanks for you understanding and cooperation.,null,Canon PowerShot A3500 IS 16.0 MP Digital Camera - Red (#271420068286),US $89.98
Good buyer! Highly recommended!! +++++,starbellone,null,null
Fast shipping- excellent brand new on collectors bag,null,Canon PowerShot A3500 IS 16.0 MP Digital Camera - Red (#271420068286),US $89.98
everthing works- fast delivery,null,Canon PowerShot A3500 IS 16.0 MP Digital Camera - Red (#271420068286),US $89.98
Thank for your purchase and being an awesome eBay member. We love you!,paypal_digital_gifts,null,null
Seller was wonderful to work with. Thank you so much!!,null,Canon PowerShot A3500 IS 16.0 MP Digital Camera - Red (#271420068286),US $89.98
Hope to deal with you again. Thank you.,cardency,null,null
Thanks so much for shopping with PayPal Digital - You are awesome !,paypal_digital_gifts,null,null
Very good seller!!!,null,Brand new Sony Cyber-shot DSC-TX20 16.2 MP Digital Camera - Pink (#271301617971),US $249.98
Hope to deal with you again. Thank you.,homiegear,null,null
You are an amazing buyer and we look forward to seeing you again on eBay!,paypal_digital_gifts,null,null
Thank you for an easy- pleasant transaction. Excellent buyer. A++++++.,healthylifesupply,null,null
excellent buyer- quick payment,myherbar,null,null
Great communication. A pleasure to do business with!!!! AAAAAA++++++,zedona,null,null
Hope to deal with you again. Thank you.,homiegear,null,null
Thank for your purchase and being an awesome eBay member. We love you!,paypal_digital_gifts,null,null
Great Buyer!,verabradley,null,null
We love you!   Thank you so much for sharing eBay with us.  PayPal Digital,paypal_digital_gifts,null,null
Great communication. A pleasure to do business with.,svmgiftcards,null,null
Love to do biz with again.,shamcy,null,null
Hope to deal with you again. Thank you.,svmgiftcards,null,null
Thank you for an easy- pleasant transaction. Excellent buyer. A++++++.,lifestylebyfocus,null,null
Quick response and fast payment. Perfect! THANKS!!,svmgiftcards,null,null
Quick response and fast payment. Perfect! THANKS!!,ebags,null,null
Quick response and fast payment. Perfect! THANKS!!,svmgiftcards,null,null
5ðŸŒŸBuyer! We look forward to doing business again in the future- Thank You! ðŸ˜Ž,robopimp,null,null
You are the best!  Thank you so much for sharing the eBay experience with us :),paypal_digital_gifts,null,null
Good buyer- prompt payment- valued customer- highly recommended.~hasbro-toy-shop,hasbro-toy-shop,null,null
Good buyer- prompt payment- valued customer- highly recommended.~hasbro-toy-shop,hasbro-toy-shop,null,null
Thanks for buying from Best Buy,best_buy,null,null
Quick response and fast payment. Perfect! THANKS!!,traxtone,null,null
Thank you for shopping at Aeropostale!  Please come again.,aeropostale,null,null
Thank you for shopping at Aeropostale!  Please come again.,aeropostale,null,null
A+A+A+A+A+,null,(Private listing),null
Thank you for shopping with Newegg.,newegg,null,null
Thanks for your order and quick payment!,boxunbox,null,null
SUPERFAST PAYMENT! GREAT EBAYER! HOPE TO DO BUSINESS AGAIN! A+A+A+,threerb,null,null
â™¥ÓœÌµÌ¨Ì„Æ· â™¥Â¸Â¸.*Â´VALUED BUYERâ™¥WELCOME BACK 4 DISCOUNT COACH ITEMSâ™¥,the-merchant-of-vega$,null,null
Great ebayer- prompt payment and instant communication- thank you!,rain_blood,null,null
Quick PAY! Thanks.,funkybusarider,null,null
Zoro Tools loves you. Three Thumbs Up!,zorotools,null,null
Good buyer- prompt payment- valued customer- highly recommended.,best_buy,null,null
Thank you for shopping with Newegg.,newegg,null,null
Thank you for you business.,refgoods1,null,null
Happy with the purchase,null,null,null
Thank you for your business!,microsoft,null,null
Great communication- A pleasure to do business with-,proximitystore,null,null
Thank you for an easy- pleasant transaction.  Excellent buyer.,giftcardmall,null,null
Good seller and fast shipping will do business again,null,(Private listing),null
Excelent!!!!,null,null,null
Arrived quickly in excellent condition,null,null,null
Very Good Buyer !!! Thank You!!!!,soundvideo-bay,null,null
the seller not shipping to P.R.- but good comuniction.,null,null,null
Thank you for an easy- pleasant transaction. Excellent buyer. A++++++.,altatac,null,null
Great communication- A pleasure to do business with-,proximitystore,null,null
Everything was perfect.,null,null,null
Very quick shipping!  Thank you!,null,null,null
It went out of stock when i bought it but inmediatly refunded my money,null,null,null
fast a+++,null,null,null
Laptop received. Thanks,null,null,null
Great seller- fast shipping. Thanks,null,null,null
as promised,null,null,null
Perfect! Strongly recommended!,null,null,null
Good deal,null,null,null
Great sell! Shipped out super fast and was well packed!!! *****,null,null,null
The item arrived OK on time. very good seller.,null,null,null
PERFECT!! Arrived 2 days before expected...NICE JOB! Thanks :0),null,null,null
Item as described- delivered on time- RECOMMEND to everyone! Will buy again!,null,null,null
Great communication. A pleasure to do business with.,gogreendirect,null,null
Great communication. A pleasure to do business with.,giftcardmall,null,null
Quick response and fast payment. Perfect! THANKS!!,giftcardmall,null,null
Great thanks,null,null,null
great buyer- happy to deal with you.  will appreciate your + feedback.,mountainxiu,null,null
Works Great,null,null,null
Fast shipping- great seller ,null,null,null
Item received in great condition. No problems. Thanks. Seller AAA+++,null,null,null
Arrived very fast- new- in box. Thank you,null,null,null
Great seller.  Delivered sooner than expected...A+ transaction.,null,null,null
item as described- fast shipping- great ebayer............Thanks...............,null,null,null
Pros:Incredibly fast shipping!!! Con's:He raised the price a few more dollars.,null,null,null
Loved the leap pad SUPER FAST DELIVERY!!!!,null,null,null
wonderful service - would do business with again,null,null,null
Very fast delivery,null,null,null
Brand new quick shipment- Thanks.,null,null,null
good,null,null,null
Very fast shipping!!!! Thanks.,null,null,null
got here so fast! ,null,null,null
ordered on sunday the 12th and got it on thurs the 16th very fast & great tablet,null,null,null
Very fast and great price!,null,null,null
Great seller!,null,null,null
EXCELLENT!!! FAST SHIPPING AND ITEM ABOVE EXPECTATIONS!!! A++++++++,null,null,null
Outstanding!!! Great Pricing!!! Fast Shipping!!!,null,null,null
Great seller!! Great item!!,null,null,null
good,null,null,null
Fast shipment.  !!!!,null,null,null
great product and fast shipping,null,null,null
Thank You!,null,null,null
The item was exactly how the seller described and arrived in the estimated time.,null,null,null
Good transaction,null,null,null
my new best friend,null,null,null
Item shipped as promised and accurately advertised.,null,null,null
Great price Fast shipping,null,null,null
great service,null,null,null
good seller- fast shipping!,null,null,null
good seller- fast shipping!,null,null,null
Thank you for an easy- pleasant transaction. Excellent buyer. A++++++.,enjoyebiz,null,null
LIGHTNING FAST PAYMENT- GREAT CUSTOMER- HIGHLY RECCOMENDED- PLEASUE AAA++++,rsundby37,null,null
Fast shipping- just as described A++++++,null,null,null
Perfect,null,null,null
Excellent Transaction - Great Communication - Fast Shipping - Highly Recommend,null,null,null
good seller- shipped on time,null,null,null
thank you quick shipping!,null,null,null
Thank you for an easy- pleasant transaction. Excellent buyer. A++++++.,barnesandnobleinc,null,null
Great communication. A pleasure to do business with.,sunmall88,null,null
great price- fast delivery- but wrong item (had to return),null,null,null
A+,null,null,null
A+,null,null,null
Great seller! will buy from again in the future!,null,null,null
very fast shipping A+++,null,null,null
excellent service and delivered on time,null,null,null
thank you- love it- hope we can do buisness again soon,null,null,null
awesome transaction,null,null,null
Great buy! Fast shipping! Thanks!,null,(Private listing),null
A+++ Received within 6 days of payment. Highly recommend this seller!,null,null,null
as described,null,null,null
Good Deal Thanks. 5*,null,null,null
Quick response and fast payment. Perfect! THANKS!!,hootoodeals,null,null
Product great!  Timely service,null,null,null
Fast payment....great transaction...thanks!,ladydi7147,null,null
Thank You For Shopping Cargolargo!!  We Appreciate Your Business!!,cargolargo,null,null
Super fast shipping...love the boots! Thanks!,null,null,null
Awesome transaction. Great eBayer. Thanksâ€¦â€¦..,visualstudio97,null,null
A++++++++++++++++++,null,null,null
excellent transaction- quick ship - would do business again,null,null,null
received as promised,null,null,null
Thank you,null,null,null
Super!,null,null,null
Excellent Seller!!!!!!! Super fast shipping!!!!!! Highly recommend!!!!!,null,null,null
Very good deal- fast shipping.,null,null,null
Great seller.  Price was awesome so I didn't mind paying so much for shipping :),null,null,null
I am impressed with accuracy of the description and the care taken in shipping.,null,null,null
Very fast payment.  Highly recommended.  A+++++,jagrfannj,null,null
Very fast payment.  Highly recommended.  A+++++,jagrfannj,null,null
Very fast payment.  Highly recommended.  A+++++,jagrfannj,null,null
Very fast payment.  Highly recommended.  A+++++,jagrfannj,null,null
Very fast payment.  Highly recommended.  A+++++,jagrfannj,null,null
Very fast payment.  Highly recommended.  A+++++,jagrfannj,null,null
Very fast payment.  Highly recommended.  A+++++,jagrfannj,null,null
Very fast payment.  Highly recommended.  A+++++,jagrfannj,null,null
a pleasure doing business - everything went smoothly,billyg18,null,null
Great seller!!!,null,null,null
Absoutely perfect.,null,null,null
As described- priced right- shipped quick. Thanks!!!,null,null,null
AAA+ Transaction Excellent Communication Fast Shipper THANKS!!!,null,null,null
not a great experience.,null,null,null
Hmmm.. okay but they seem to be resold from returns,null,null,null
Hmmm.. okay but they seem to be resold from returns,null,null,null
Great communication. A pleasure to do business with.,buy,null,null
fast shipping,null,null,null
Great item well descriped.,null,null,null
Shipping a little slower than expected but I would buy from again!,null,null,null
good job!,null,null,null
Outstanding transaction!!! Item works perfectly!!! Received 4/19/10- Thank you!!,null,null,null
great transaction hope to work with again,null,null,null
Printer works great!,null,null,null
just as seller described- if not BETTER! fast shipping!! A++,null,null,null
Great item- fast shipping. Thanks,null,null,null
thanks!,null,null,null
Great communication and fast shipping. A+ Ebayer.,null,null,null
Fast delivery- just as described.,null,null,null
Very fast shipping .What I wanted.....,null,null,null
very willing to work with A+++++++++++++++++++,null,null,null
As ADVERTIZED,null,null,null
A+,suzyqueue11210,null,null
A++++++++++++++,null,null,null
Great Item Thanks.,null,null,null
quick shipper- item as described - great transaction,null,null,null
Awesome eBayer!!! Super Fast Payment!!!,escf916,null,null
great buy fast shipping,null,null,null
THANK YOU.,null,null,null
Excellent seller. Thank you.,null,null,null
Great transaction- thank you.,null,null,null
great ebayer easy to work with thank you very much,null,null,null
a++++++++++++all the way! much pleased thanks a bunch,null,null,null
Got the item fast.. Very happy,null,null,null
Very fast delivery...very happy with my purchase...i look forward to other items,null,null,null
Great sneakers!! Super fast shipping! Thank you!!,null,null,null
very fast shipping,null,null,null
The product was as described and was quick to ship the product!,null,null,null
Just as described.  Son is happy with his purchase.  Fast shipping. Thank you.,null,null,null
Met all expectations.  Thank you.,null,null,null
thank you for a wonderful- hassle free transaction,null,null,null
Very professional Ebayer.,null,null,null
Item as described.  Great transaction!,null,null,null
Item as described- would buy from again- A++,null,null,null
very fast ship-Item perfect-very good seller- Will buy from again AAAAA+++++++++,null,null,null
Camera Received as Described in Ecellent Condition- Hope to Buy Again & Again.,null,null,null
GREAT ITEM TY,null,(Private listing),null
great ebayer- very fast shipping. thank you,null,null,null
Unbelievably fast delivery!  Wonderful! Love it!!!,null,null,null
Item as described.,null,null,null
Very Happy kids at Chrismtas due to this item.,null,null,null
Received item before Christmas- as promised! Thank you.,null,null,null
Excellent seller.  Fast shipping.  Smooth transaction,null,null,null
Hope to deal with you again. Thank you.,buy,null,null
Great communication. A pleasure to do business with.,59049079@deleted,null,null
Fast shipment and exactly as described,null,null,null
Thanks again AAA+++,null,null,null
Nice product- quick shipment,null,null,null
Great Transaction  Thanks,null,null,null
Great Ebayer,null,null,null
Great tranaction!,null,null,null
:-),null,null,null
thanks for quick shipment,null,null,null
Very satisfied,null,null,null
My boys will be so happy on x-mas day,null,null,null
AWESOME CAMERA!!!,null,null,null
Item recieved. Good delivery,null,null,null
Thanks!  My daughter will be pleased,null,null,null
fast shipping,null,null,null
Fast shipping- good deal!!!,null,null,null
SIMPLY THE BEST TRANSACTION I HAVE EVER HAD ON E-BAY A+++SELLER IS FANTASTIC,null,null,null
Rec'd in good shape,null,null,null
Rec'd in good shape,null,null,null
Very fast shipping and response. Great transaction.,null,null,null
fast transaction,null,null,null
Fast ship- my neice will be thrilled!!,null,null,null
Arrived quickly and in perfect shape. thanks,null,null,null
quick shipping!  thanks for being a super seller!,null,null,null
Reasonable seller!,null,null,null
A+++++++++,null,null,null
cant wait to try it,null,null,null
super fast shipping A+ seller... item condition wont be known until xmas,null,null,null
A+ SELLLER. Great communication!!,null,null,null
fastest delivery ever-great seller,null,null,null
fast shipping- product as described - thank you,null,null,null
very fast shipping! Thanks.,null,null,null
Item arrived quickly and as described; would buy again; great seller!!!!!,null,null,null
Excellent seller- Highly Recommended!!!,null,null,null
fast shipping,null,null,null
Fast shipping- product great,null,null,null
lighting fast shipping  AAAA+++++  ebayer!,null,null,null
fast shipping- good ebayer,null,null,null
Smooth transaction.  Item as pictured.  Fast shipping.  Highly recommend.  A++++,null,null,null
:),null,null,null
A++,null,null,null
Thanks,null,null,null
Great communication. A pleasure to do business with.,beachcamera,null,null
Item as described- fast shipment- good seller,null,null,null
Superfast Delivery- Thanks So Much,null,null,null
A+ Seller,null,null,null
Thanks A+,null,null,null
beware this seller! these shoes are fakes-NOT nikes OR leather as stated!ripoff!,null,null,null
Fast shipping!! Thanks!!,null,null,null
item as described.....super fast shipping!!!!,null,null,null
Thank you soo much.  Speedy delivery and transaction!!!,null,null,null
Fast shipping item as described,null,null,null
Great Deal great little computer as listed,null,null,null
great deal,null,null,null
Great shoes- fast delivery~thanks!,null,null,null
Thank you for the Zhu Zhu hamster fun house and the quick delivery.,null,null,null
Received 11/14/09 as described,null,null,null
shoes as new as described- immediate shipment- don't worry - buy happy!,null,null,null
Thank you for a magical transaction and for being a Disney Outlet on eBay Guest!,15726074@deleted,null,null
Super fast shipment!  Perfect transaction!  Thanks!,null,null,null
nice shoes,null,null,null
fit great. fast shipping,null,null,null
very fast shipper,null,null,null
fast shipment thank you exactly as advertised!!!,null,null,null
Item as described- fast shipping- Thanks,null,null,null
great price,null,null,null
Very fast shipping to Hawaii. Quick response. Very Happy!,null,null,null
nice description,null,null,null
fast shipping- great shoes!,null,null,null
fast shipping- love it- thanks,null,null,null
I love these shoes!  Thanks- Fast shipment- great item great seller!,null,null,null
A+,null,null,null
Good e-bayer A++++ Rock on Big Baby !!!,null,null,null
great product. fast shipping. Very Cute  Thank you,null,null,null
we love them,null,null,null
Great transaction.....,null,null,null
My first shop vac. Great!!!!!!!!!!!!!!!!!!,null,null,null
great item super fast shipping A++++++++++,null,null,null
great thanks!,null,null,null
Shoes were as descibed-and shipping was FAST,null,null,null
great product- fast shipping.  Thanks!,null,null,null
good deal,null,null,null
Super fast shipping,null,null,null
Great deal- accurate description- fast shipping!,null,null,null
Received NOKIA N97 Smartphone in great condition. Excellent transaction. A+++++,null,null,null
Great Pricing...Thank You!!!,null,null,null
Lightning shipping- great buy- thanks,null,null,null
Great Seller- Fast shipment !!,null,null,null
Excellent transaction prompt shipping  Thanks,null,null,null
Fast Shipping great device Thank you,null,null,null
better than what i was expected. extremely happy.,null,null,null
fast shipment thanks,null,null,null
Wonderful seller- just as ordered- thanks!,null,(Private listing),null
FANTASTIC E- BAYER WILL BUY FROM AGAIN,null,null,null
The sneakers are perfect. Thanks for the quick delivery.,null,null,null
SUPERFAST PAYMENT! GREAT EBAYER! HOPE TO DO BUSINESS AGAIN! A+A+A+,threerb,null,null
received quickly and as described,null,null,null
Arrived quickly.Great EBAYER!!!,null,null,null
nice shoes!,null,null,null
Awesome product person using it is VERY inpressed- may order another.,null,null,null
Great eBayer- Item as Described- Fast Shipping- Would Deal with Again- A++++++++,null,null,null
Fast shipment and very comfortable. A+ seller!,null,null,null
very good seller and very quick,null,null,null
Very pleased with accurate description and shipping.,null,null,null
Arrive quickly...smooth transactions...outstanding seller1,null,null,null
Thanks,null,null,null
Very cooperative.  Thanks.,null,null,null
Great shoe. Happy- happy - joy- joy!,null,null,null
item arrived as advertised. Fast delivery.,null,null,null
Flawless transaction! FAST Shipping! Great Ebayer!,null,null,null
fast shipping,null,null,null
Great ebayer and product!,null,null,null
v good,null,null,null
thank you!,null,null,null
Thrilled! Thank you for an absolutely perfect transaction. Can't wait to listen!,null,null,null
Fast Shipment!!! Good Ebayer!!! hope to do business again!! Highly Recomended!!,null,null,null
Received shoes quickly & in good condition! Highly recommended!,null,null,null
thanks for so fast shipping++++++++++++++++++++++=,null,null,null
Great seller! Excellent communication- super fast shipping- pleasure 2 deal with,null,null,null
Prompt email reply and extremely fast payment.  The Best! Thanks!! A++
,tigerdirect,null,null
Fast Shipping!  Great Seller,null,null,null
Hope to deal with you again. Thank you.,buy,null,null
Excellent seller- very fast shipping- item as described- my son is very pleased!,null,null,null
Extremely fast shipping!! Thank you so much,null,null,null
Speedy delivery!  Great shoe.  Thanks.,null,null,null
A+ Smooth transaction- super fast delivery- very happy,null,null,null
excellent quality... fast shipping,null,null,null
Item arrived very quickly and in excellent condition.,null,null,null
AWSOME TRANSACTION!!!!,null,null,null
came as described!!!!,null,null,null
Quick shipping- item as described- great transaction. Thank you.,null,null,null
Thank you for the prompt shipping.,null,null,null
fast ship- well packed-   great working processor-  A+  thank you,null,null,null
nice doing business with you,null,null,null
excellent seller item received as described,null,null,null
As promised,null,null,null
Super A fast shipping- product is flawless will deal with in the future.,null,null,null
Great Seller- thanks!,null,null,null
all good very fast shipping- great seller!!!!,null,null,null
Awesome seller. Fast communication- understanding- would put my life in his hand,null,null,null
as advertised- fast shipping,null,null,null
GREAT SELLER! THANK YOU !FAST SHIPPING!,null,null,null
Very fast shipping! Exactly what we wanted...,null,null,null
Fast shipment- very satisfied.,null,null,null
Thanks- good and nice boots thanks again,null,null,null
Great deal- good transaction!,null,null,null
great service,null,null,null
perfect,null,null,null
great price- fast ship- great product and service,null,null,null
Fast shipping- great quality item.  Very satisfied.,null,null,null
super fast payment. thanks much,rissa522,null,null
Fast shipping! Very pleased with the transaction!A++++,null,null,null
Very fast Shipping ( 1 week USA-Canada)- item in great condition thanks !,null,null,null
Excellent Seller,null,null,null
Bon vendeur! merci,null,null,null
Awesome Seller- Super Quick Shipping- AAA+...!,null,null,null
Excelent service!!  thanks,null,null,null
This is a buyer beware seller. I had to warranty the drive through seagate.,null,null,null
Great seller- Fast shipping- A+++,null,null,null
Very quick shipping.  Exactly as described.  Very pleased. Would buy again.,null,null,null
Great eBayer. Welcome back to our store for more of our products!,importhome_llc,null,null
Great seller! Item exactly as described and quick shipment. Thank you.,null,null,null
Thanks!!!!,null,null,null
A++++++++++++++++++++++++++++++++++++++++++,null,null,null
Perfect- fast ship- thanks,null,null,null
Watch was just as described.  Super fast shipping and great price.  Thanks!!!,null,null,null
Fats Shipping!! Great Product!!,null,null,null
Loved it,null,null,null
thanks. the watch is Very beautiful .,null,null,null
Nice doing business with you,null,null,null
recieved item fast and great product thank you,null,null,null
GREAT SELLER perfect items fast shipper wondeful THANKS a lot FAST EMAILS a+a+a+,null,null,null
Would buy here again,null,null,null
VERY FAST SHIPPING- THANKS,null,null,null
Great shoe. Wears well. excellent transaction..will buy again,null,null,null
GREAT PRICE- GREAT PRODUCT-  FAST SHIPPING,null,null,null
awsome shoes i love them also an awsome-honest seller.,null,null,null
very fastly!!!!,null,null,null
FANTASTIC!!! I even screwed up my order and littlekitty0103 fixed it for me..A++,null,null,null
A,null,null,null
Great Buyer +++++++++++++++,nildadavis66,null,null
Arrived within a couple of days,null,null,null
Nice,null,null,null
great tiem fast ship thanks WII with games- great email,null,null,null
~tyvm~ very nice~Have a nice day!~,null,null,null
Great watch with even better service,null,null,null
easy to work with. A++++++++++++,null,null,null
QUICK QUICK QUICK  My kids loved their christmas present.  Thanks!!!!!,null,null,null
Great Seller! Great Item!!! Highly Recommended!!!!! A+++,null,null,null
A+++++++++- GREAT PRODUCT- GREAT SERVICE- A++++++++++++++++++,null,null,null
VERY VERY VERY COOL WATCH***EVEN BETTER IN PERSON**VERY FAST & ADEQUATE SHIPPING,null,null,null
Great,null,null,null
Great deal- great seller!,null,null,null
Thanks!!! Have A Very Satisfied Kid- Very Happy For Her Gift.,null,null,null
Quick shipping A+,null,null,null
Quick Ship- Great Seller,null,null,null
great,null,null,null
good transaction and quick shipping,null,null,null
Thank you much was shipped very fast.,null,null,null
Thank you and happy holidays..,null,null,null
great game  fast shipper thanks,null,null,null
Great seller- received with good timing,null,null,null
Transaction was very smooth.  Very pleased.,null,null,null
Received item promptly and was as described.  Thanks!,null,null,null
WOW!!! lightning fast shipping and in perfect condition. Thanks!!!,null,null,null
I received everything that I bought and in a timely fashion,null,null,null
Item as pictured and described- fast shipping- easy transaction.  Thank you!!!!,null,null,null
free shipping,null,null,null
great seller and quick delivery,null,null,null
Super Fast Shipping!! Excellent to work with!! A+++++,null,null,null
Awesome seller- great product- Thank you!,null,null,null
AAA  thanks,null,null,null
great....thanks!,null,null,null
good transaction,null,null,null
this was in all a REALLY great transaction! HIGHLY RECOMMENDED,null,null,null
seller offered choice of BONUS item in listing- but then did not want to give it,null,null,null
SUPER EASY SUPER FAST... THANK YOU SO MUCH!!!,null,null,null
fast shipping hope it is good it is for christmas. thanks alot,null,null,null
Fast delivery.  Hopeful everything is o.k. but won't know until Christmas. lol,null,null,null
Just as advertised.  Excellent value.  Many thanks.,null,null,null
Fast Shipping!!! Product exactly as advertised.,null,null,null
shoes came when promised,null,null,null
Great Transaction....quick shipment!  Nice to work with!,null,null,null
haven't checked out item- good communication- as described-fast shipping.,null,null,null
This was a great transaction thanks,null,null,null
Great transaction I had the product within 2 days,null,null,null
Super fast shipping.  This transaction was perfect from beginning to end.,null,null,null
Great communication. Quick ship as promised.,null,null,null
Good transaction- wish there was a bit more post sale communication re shipping,null,null,null
seller is very nice to work with,null,null,null
great sevice,null,null,null
Easy transaction!  Fast delivery!,null,null,null
seller had description of additional control and numchuk which did not receive,null,null,null
quick shipper A++++,null,null,null
very fast & as promised,null,null,null
Item exactly as described...thank you- thank you- A+++,null,null,null
EXCELLENT SELLER!! EXTREMELY FAST SHIPPER! EXTREMELY SATISFIED,null,null,null
very quick shipment- item arrived well packed and perect condition as advertised,null,null,null
Great to deal with quick- accurate and easy.,null,null,null
great shipping VERY GOOD  A/,null,null,null
Item shipped quickly.  Great ebay seller!,null,null,null
Great seller- Fast Shipping A+++++++++++++++,null,null,null
great shape fast shipping,null,null,null
great seller.  Item shipped super fast- arrived just as promised.,null,null,null
In Time for under the x-mas tree...Thanks!,null,null,null
Quick shipment- item as described,null,null,null
Wow- extra fast shipping- received item 2 days after ordering- A+++++++++ seller,null,null,null
prompt delivery by seller,null,null,null
Thank You- very smooth transaction! Very quick delivery!!,null,null,null
great,null,null,null
perfect thanks,null,null,null
It was fast Del.,null,null,null
came brand new COOL BEANS!!! thank for the great job,null,null,null
FAST DELIVERY,null,null,null
Received very quickly!,null,null,null
Uber fast delivery- A+ transaction- highly recommend!!!,null,null,null
SUPER FAST shipping- great product,null,null,null
just as described thanks so much!!!,null,null,null
Very responsive seller.  Great transaction. Would buy from again.  A+++++,null,null,null
wording of ad was alittle misleading.,null,null,null
Confusing wording on free items,null,null,null
excellent   e-bayer  AAAAAA+++++++,null,null,null
product and shipping as advertised,null,null,null
Quick delivery- quality product,null,null,null
nice sneakers- thanks,null,null,null
Great WII bundle-fast shippment- I will buy from littlekitty again-,null,null,null
delivery excellent,null,null,null
His original listing was a bit difficult to inderstand- but we resolved it.,null,null,null
quick transaction,null,null,null
Wonderful seller. Highly recommended. Would do business with again.  A+++,null,null,null
Fast shipping!,null,null,null
EVERYTHING WAS GREAT WOULD BUY AGAIN FRON THIS SELLER,null,null,null
thank you,null,null,null
Exactly as explained and shipped FAST!!! will buy again from this seller!,null,null,null
nice,null,null,null
Got exactly what I ordered!  Very Fast Shipping!,null,null,null
good transaction,null,null,null
very good transaction,null,null,null
***,null,null,null
Thanks for a great X-mas gift!!!,null,null,null
cool- thanks,null,null,null
recived promptly and also special wraped so that my kids would not know. Thanks,null,null,null
very good on your shipping i was happy,null,null,null
great communication- speedy shipping- exactly as decsribed- THANKS!!!,null,null,null
Quick delivery -  Thanks,null,null,null
Can't wait to give it for X-mas!!!!!  A+++++,null,null,null
Great.,null,null,null
Items received as described. Thanks AAA+++,null,null,null
nice product- good communication- fast shipping. much thanks,null,null,null
Perfect Transaction and product.  Thank you.,null,null,null
quick shipping,null,null,null
Great Ebay Seller      Thanks,null,null,null
Excellent service demonstrated by providing prompt delivery of my merchandise.,null,null,null
awsome seller.............. fast shipping,null,null,null
Just as described...quick delivery,null,null,null
Great gaming system...Thanks for everything...fast shipping,null,null,null
Fast.  Would do business again!,null,null,null
THANK YOU THANK!!!!!!!!!!!!!! WORK WITH ME FOR SHIPPING!!!! great ebayer,null,null,null
Can't wait to use our Wii Fit!,null,null,null
Fast shipping- smooth transaction. Thanks.,null,null,null
Wii Fit arrived as described.  Fast Shipping with email notification & tracking.,null,null,null
very fast shipping and received product just as described. great to buy from A++,null,null,null
Excellent - just as described.  Shpped very promptly. Perfect transaction - THXS,null,null,null
Great Product- Very Fast Shipping. Thank you. A+++++,null,null,null
Easy transaction- smooth and quick!!!,null,null,null
fast shipping good product thanks,null,null,null
Great Item. Great Ebayer!,null,null,null
Thank You so much for great fast service!!!! Amazing Ebay Seller!!!!!,null,null,null
Great Transaction and Fast Shipping-- Thanks!!!!!,null,null,null
Good transaction. Arrived in a timely manner and as described.,null,null,null
great experience- fast shipper,null,null,null
Great seller fast delivery- great communication,null,null,null
Great item- speedy delivery- I would buy from again!! A+++ ebayer!,null,null,null
excellent running shoes,null,null,null
Great Communication and FAST SHIPPING! Highly Recommended.! Thanks,null,null,null
good seller A+++++,null,null,null
Very easy to work with,null,null,null
Accurate Listing and Fast Shipping! Recommended!!,null,null,null
Great communication.,null,null,null
Received items very quickly - just as described!  Thank you!  AA++++ Seller,null,null,null
Item as expected. Thanks !!!,null,null,null
Fast shipping- Great seller!,null,null,null
fantastic seller! thank you!,null,null,null
Super Fast Shipping - FREE - A +++++  E'Bay'er,null,null,null
Very fast shipping good communication,null,null,null
super fast shipping,null,null,null
fast shipping A+++++,null,null,null
prompt delivery- same as described,null,null,null
Quick delivery- Thank You...A+,null,null,null
Very nice looking shoes.lightning fast shipping.THANKS!!!!!!!!!!!!!!!!!!!!!!!!!!,null,null,null
wii listed by seller to have 2 controllers & nunchuks but had only 1 of each,null,null,null
A+++++ Great eBayer A+++++,null,null,null
Just as explained,null,null,null
Great transaction.  Wii arrived in perfect condition and super fast shipping. A+,null,null,null
Fast shipper and good communicator - Thanks!,null,null,null
Great product- fast shipping- excellent transaction!!!!!,null,null,null
thank you!,null,null,null
Arrived very quickly.,null,null,null
fast shipping- thanx,null,null,null
great!,null,null,null
Excellent. Quick free shipping- product exactly as described- good communication,null,null,null
Amazingly fast service! Thanks so much!,null,null,null
Great E-beyer- fast turn around- once I corrected MY error.Thanks littlekitty !,null,null,null
Seller Cancelled my transaction very quickly,null,null,null
Buyer Cancelled my transaction very quickly,null,null,null
AAA+++- Highly Recommend this Seller- Fast Shipping,null,null,null
good item and fast shipping. thanks,null,null,null
perfect thanks,null,null,null
Very quick with no problems thanks,null,null,null
As described- quick delivery AAAAAAA++++++++++,null,null,null
Thanks!  Fast Shipping!  A,null,null,null
Great Ebayer!!!,null,null,null
6 days to arrive-not sent via FedEx but rather by USPS-package was open@arrival,null,null,null
My son has not put his PSP down - great!!!,null,null,null
quick dilevery,null,null,null
Frees shipping - new product...great seller!,null,null,null
great ebayer!,null,null,null
Item as described fast shipping thanks,null,null,null
Fast service,null,null,null
Very pleased with the item and transaction!!!!,null,null,null
Very Fast Delivery! Great! Thank You !!!!,null,null,null
Seller has rapid response and communication.Shipping was free and super fast!A++,null,null,null
Shipping was included and item here within days.  Thanks,null,null,null
package arrived well packed and very quickly-would do business with again!!!,null,null,null
Thanks. great ebayer,null,null,null
everything perfect,null,null,null
Great seller!! I love it....but my legs are killing me ...lol!!,null,null,null
The seller immediately shipped the item to me as soon as I won!,null,null,null
Great E-bay Experience!! Fast Shipping; Item Received As Described. Thanks!!,null,null,null
Item arrived safely- thanks,null,null,null
great seller!!!!!!!!!! fast shiping excellent communication!!!!!!!,null,null,null
Very fast shipping!  Great Product- Thanks!!! VERY Easy Transaction!,null,null,null
Fast shipping...thanks!,null,null,null
WOW!!! Free shipping and super fast!!!   A+++++,null,null,null
Great item! Just as described! Thank you!,null,null,null
Meticulous rapid shipping- Quality item- earns my hi'est endorsements -many THX!,null,null,null
Great transaction with fast shipping.,null,null,null
amazing fast shipping,null,null,null
fast shipping. A++++++++++++,null,null,null
received it- great shape- everything as described AAA+++,null,null,null
Product as described. Fast shipping. Thank you.,null,null,null
Good Service. Fast Delivery. Thanks.,null,null,null
Super fast shipping- great contact- A++++++++++++++++++++++++++++++++++++++,null,null,null
GREAT EBAYER- A+++++++++++++++,null,null,null
Item as described.  Thank you!,null,null,null
Excellent trransaction- A +++++,null,null,null
very fast shipper!  Item was exactly as described. Thank  you.,null,null,null
Received in good time Thanks,null,null,null
easy transaction - fast shipping - awsome item for value,null,null,null
great product and fast shipping!,null,null,null
Thanks!,null,null,null
Great Seller... Super fast shipping!!! Thanks .,null,null,null
super fast shipment very trustworthy seller A ++++++++++++++++++++++++,null,null,null
great,null,null,null
Fast shipping great seller,null,null,null
Super fast shipping. Just as described. Recommended seller.,null,null,null
fast shipping...perfect seller...A+++++++,null,null,null
perfect,null,null,null
quick delivery,null,null,null
Arrived at my door step incredibly fast. The watch is just as advertised.,null,null,null
great item- fast shipping- thanks!!,null,null,null
great seller  A+++,null,null,null
Great seller! Transaction smooth as silk. A++++ e-bayer!,null,null,null
Great coupons will come back soon,null,null,null
exactly as described- thanks,null,null,null
good,null,null,null
Delivered as promissed.  Good Ebayer,null,null,null
Thanks! worked like a charm!,null,null,null
Great!,null,null,null
product as described very prompt shipping couldn't be happier,null,null,null
fast shipping- great seller- thanks!,null,null,null
fast shipping and arrived perfect Thanks!!!!,null,null,null
I am grateful for purchasing item.  I can definitely use it.  Happy Ebaying!! :),null,null,null
Super quick shipping! Thanks a bunch!,null,null,null
Excellent Seller- A++++++++++++,null,null,null
AWESOME! Super fast shipping! This is projected to be #1 toy this yr.,null,null,null
Smooth transaction.,null,null,null
great transaction.. a pleasure.. thanks,null,null,null
Very satisfied,null,null,null
very quick deliver- thank you.,null,null,null
A++++++++++- fast shipment!,null,null,null
Fast Shipping- Easy transaction- Great Communication!!! A+++,null,null,null
Great ebayer!!! Fast shipping!!!,null,null,null
Great ebayer!!! Fast shipping!!!,null,null,null
Great ebayer!!! Fast shipping!!!,null,null,null
Great ebayer!!! Fast shipping!!!,null,null,null
Great ebayer!!! Fast shipping!!!,null,null,null
Great ebayer!!! Fast shipping!!!,null,null,null
Great ebayer!!! Fast shipping!!!,null,null,null
Great ebayer!!! Fast shipping!!!,null,null,null
Great ebayer!!! Fast shipping!!!,null,null,null
Great ebayer!!! Fast shipping!!!,null,null,null
Great ebayer!!! Fast shipping!!!,null,null,null
Great ebayer!!! Fast shipping!!!,null,null,null
great ebayer thanks,null,null,null
Great quality- as described. Speedy shipping. PERFECT transaction,null,null,null
Super fast delivery- thank you. Strongly recommended!!!,null,null,null
MY EXPERIENCE WAS POSITIVE WITH THIS SELLER. I'M VERY HAPPY!!!!,null,null,null
Fast Shipper 5*****,null,null,null
great item. Very fast shipping,null,null,null
Excellent seller!!!!  Shoes are just as described.  Lightening fast shipment.,null,null,null
A good product which fits well.Very reasonably priced and quick delivery.,null,null,null
great seler- fast efficient- pleasure doing business with!,null,null,null
Quick response and fast payment. Perfect! THANKS!!,exactseatcovers1,null,null
.â€¢:*Â¨Â¨*:â€¢.FAST PAY! SMOOTH TRANSACTION! SUPER BUYER! .â€¢:*Â¨Â¨*:â€¢.,candfstore,null,null
Great Seller,null,null,null
good ebay`r - fast shipping,null,null,null
great transaction,null,null,null
excellent ebayer,null,null,null
awesome - thank you!!!,null,null,null
thanks a lot!,null,null,null
Very impressed- great product- shipped fast and had confirmation of the shipment,null,null,null
Product came quickly and as described...I'd do business with seller again.,null,null,null
Excellent service- fast delivery- product as advertised,null,null,null
easy purchase and quick shipping,null,null,null
Thank you for an easy- pleasant transaction. Excellent buyer. A++++++.,121616823@deleted,null,null
Smooth transaction. Quick shipping. A+++,null,null,null
*Â¨Â¨*:â€¢.FANTASTIC BUYERâ€¢:*Â¨Â¨*:â€¢.100% ALL THE WAYâ€¢:*Â¨Â¨*:â€¢.THANKâ€¢:*Â¨Â¨*:â€¢.YOU:*:,camera_gear,null,null
Fast shipping and great communication. Just a great ebay seller. A+++++,null,null,null
Arrived on time as promised- will report back if product does not work,null,null,null
Product was as advertised. Thanks,null,null,null
Just arrived great ebayer.,null,null,null
WiiFit in box sealed- can't wait to open and play,null,null,null
Fast shipping- item just as described.  Thank you.,null,null,null
Fast shipping- product was exactly as described.  Would buy from again.,null,null,null
Quick Shipment!!! Perfect Conditon. Great Ebayer!!!!,null,null,null
Purchase received quickly in new condition. Pleasant to deal with- professional!,null,null,null
WOW! super fast shipping!! product just as described!,null,null,null
Excellent description -communication- shipping!,null,null,null
Great service!! My item came faster than anticipated and exactly what I wanted!,null,null,null
Great condition and super-fast shipping.  A totally great seller!  THANKS!,null,null,null
Good transaction.,null,null,null
Delivered as promised- A+++,null,null,null
Smooth transaction,null,null,null
GREAT EBAYER FAST SHIPPING AAAAA++++++++,null,null,null
A+++,null,null,null
fast shipment great seller,null,null,null
Thank you! Very fast delivery!,null,null,null
GREAT PRODUCT,null,null,null
a+++++++++++ebayer,null,null,null
Thanks- Fast shipping !,null,null,null
Everything fine,null,null,null
Great seller! Excellent communication and FAST shipping! Thank you very much!,null,null,null
Great transaction- will definitely buy from again! Thanks a lot!,null,null,null
Item is just as described I am very satified would buy from this seller again,null,null,null
great deal,null,null,null
Lightning fast shipping!  Super smooth transaction! Thanks again!! A++++++++++++,null,null,null
Excellent seller-fast delivery and communication- A+++,null,null,null
Excellant transaction and service/delivery,null,null,null
FAST shipping!!! Product as described!!!,null,null,null
great printer,null,null,null
Good communication- fast ship!,null,null,null
great seller! will definitely come back again...,null,null,null
Quick payment! Great communication! Thanks again!,pmsellerandcollector,null,null
Excellent ebay seller. Very fast shipment.,null,null,null
Works well- thanks,null,null,null
Peerfect transaction- Quick,null,null,null
Item as described- super fast shipping. A Perfect  Seller. A++++,null,null,null
Auction was cancelled by Ebay- thanks,null,null,null
Perfect transaction-thanks,null,null,null
as stated- thank you!,null,null,null
Fast shipping- Great ebayer!!! Would buy from again! Thank you!,null,null,null
accurate- fast- would purchase from again!  TYVM,null,null,null
Excellent transaction- extremely fast shipping- works great!!!! Thanks!!!!,null,null,null
great item thanks,null,null,null
Fast shipping!!! Would buy from again!! Thanks!!,null,null,null
Arrive on time,null,null,null
Great transaction! THANKS!!!,null,null,null
Grrreat!,null,null,null
Very positive auction.  A+++ seller.  Highly recommended.,null,null,null
Wow!  Item arrived in two days!  A++ seller- would definitely recommend.,null,null,null
Great!,null,null,null
Fast ship good ebayer AAA thank you,null,null,null
Fast Shipping.  Item just as described.  Great Ebayer!!,null,null,null
Excellent product- would do business with again. A+,null,null,null
GREAT DEAL- FAST SHIPPING- HIGHLY RECOMMEND!!!!!!!!!!!!!!!!!,null,null,null
Love my new earphones! Can't beat their prices!,null,null,null
Quick delivery- item was as described.,null,null,null
Received item as described-got it a lot faster than I thought I would! Thanks!,null,null,null
Lightning Fast Shipping!! Awesome Transaction!! Highly Recommended!!AAAAA+++++,null,null,null
Explained greatly- love the product,null,null,null
Very fast shipping- easy transaction- would buy from again,null,null,null
Received quickly and as described,null,null,null
All good- new in package  as promised-,null,null,null
good ebay purchase-,null,null,null
great product!!!!great sale!!!!,null,null,null
AS STATED - ARRIVED QUICKLY,null,null,null
Super fast shpping-,null,null,null
Thank you so much!!  We all absolutely love the Wii!!,null,null,null
Just as described.Waited till Christmas to open it.Son is having a blast. Thanks,null,null,null
This is why no one can get Wii in the stores - I paid 2x what she did...,null,null,null
Very quick shipping.  Just opened for x-mas and all worked perfectly.,null,null,null
Quick shipment.  Great buy.  A+,null,null,null
Very nice bundle thank nyou .,null,null,null
very fast shipping- item as described,null,null,null
Excellent.,null,null,null
Fast Shipping...Just as Promised,null,null,null
Great ebayer. Will buy again. A++++++,null,null,null
Quick delivery!!! Just like described,null,null,null
Super fast shipping!! Great communicator!   Great seller!!  Thanks!,null,null,null
quick delivery,null,null,null
quick delivery,null,null,null
Excellent seller- item as described + fast shipment.  Very Reliable.  A++,null,null,null
Thank you,null,null,null
Fastest shipping ever! A+++ Seller!!,null,null,null
Item as described- fast shipment- great ebayer!!!,null,null,null
I felt the description was somewhat misleading.,null,null,null
quick shipment and excellant product,null,null,null
JUST AMAZING- FASTEST SHIPPING EVER>>>THIS WAS PERFECT!!! THANK ...THANK YOU!!!!,null,null,null
Great communication- quick transaction.  Awesome eBayer!!!!!!!  Thank you!!!!!!!,null,null,null
Fast delivery of Wii console - prompt attention to completing sale - Thanks!,null,null,null
FAST SHIPPMENT  A+++,null,null,null
Smooth transaction. Speedy delivery. AA++,null,null,null
Nice doing business with you- speedy delivery.  Thanks,null,null,null
SUPER FAST DELIVERY! TOP SHELF!!!! WILL do business again. =],null,null,null
Fast shipping-THANKS.,null,null,null
fast delivery- smooth transaction- thanks!,null,null,null
fast shipping exactly what i ordered,null,null,null
Great product- just as described- quick shipping and excellent communication!!,null,null,null
Great Transaction and Follow-up,null,null,null
Excellent to deal with- Shipped product same day- responded quickly to questions,null,null,null
Everything went as promised. Better than waiting on line at Toy's R Us!,null,null,null
Great price- product- and Fast shipping.,null,null,null
Fast shipping- great product. Thanks!,null,null,null
Quick Shipment. Product was as advertised. Easy Transaction.,null,null,null
very quick transaction,null,null,null
Super quick shipment!!!!!!  Thank you!!!!!,null,null,null
Very nice to deal with-  Shipping was very quick.  Item came very well packaged.,null,null,null
A PLUS  The seller made my very first ebay shopping experience great!,null,null,null
good deal!  Great item,null,null,null
Fast Shipment.,null,null,null
great seller,null,null,null
ok,null,null,null
came as advertised and appears all fine also timely,null,null,null
great seller,null,null,null
Great product- great process- great service!!,null,null,null
Item just as described.  Super fast shipping.  A++++++++,null,null,null
A+,null,null,null
+++++Very good ebayer.  Item as described,null,null,null
Fantastic Seller!!!!,null,null,null
great ebayer thanks!!!!,null,null,null
As advertised-smooth transaction,null,null,null
ordered on Dec. 4th - received Dec.7th. Easy transaction. Super fast delivery!!!,null,null,null
Great to deal with .sipped quick- answered all ? excellent.,null,null,null
Quick ship.  No hassles  Exactly as described,null,null,null
Great seller; I had a few questions and they were all timely answered.,null,null,null
Excellent product- shipping and speed++++++++++++++++++,null,null,null
All is well,null,null,null
VERY QUICK SHIPMENT. THANKS,null,null,null
Excellent Computer --- Excellent Ebayer,null,null,null
Excellent Computer --- Thank You --- Great Ebayer,null,null,null
Fast! Thanks for the transaction!,null,null,null
GREAT SELLER- EXACTLY AS DESCRIBED!,null,null,null
A+++ & Fast!,null,null,null
item as described-smooth transaction,null,null,null
Great seller fast shipment,null,null,null
quick shipping - a+ thank you,null,null,null
Accurate Description,null,null,null
Great! Thanks.,null,null,null
Very good experience,null,null,null
Excellent service. Thanks,null,null,null
Great service.  You've made someone very happy this Christmas.  Thanks,null,null,null
Very pleased. You can trust these people. Merry Christmas.,null,null,null
Hope to deal with you again. Thank you.  An asset to the ebay community.,justpoundsandounces,null,null
Quick and easy transaction,null,null,null
Excellent Service!!,null,null,null
great items!!!!,null,null,null
quick shipment,null,null,null
Great Buyer- Fast Payment- Highly Recommended!!! A++++,eat-n-play,null,null
A+++! great seller! item exactly as described and swift-secure shipment-Thanks,null,null,null
a+++  service and shipping!  Thanks,null,null,null
Great customer service.  Thank you,null,null,null
Product received super fast!  Seller was very cooperative & communicative.,null,null,null
Great sellar.,null,null,null
In special message I asked to have shipped to my work- but they shipped home,null,null,null
Fast transaction and shipping.  Thanks!,null,null,null
good seller^^,null,null,null
thanks,null,null,null
FABULOUS SELLER/great product-good price-immediate ship-unparalleled service!,null,null,null
Great will make a few kids happy,null,null,null
Great,null,null,null
Very fast shipping!! Very happy- would buy from again! Thanks!!,null,null,null
Fast ship! Thanks! Quick to answer questions too.,null,null,null
Super fast shipping.  Great Transaction!!,null,null,null
not sellers fault fed ex horrible service   GREAT ITEM!!!!!!,null,null,null
Great product.  Fast delivery.,null,null,null
great service,null,null,null
Very prompt shipping!  Thanks so much! Great seller.,null,null,null
Just as described.  Would do business again.,null,null,null
Everything was sent on time and packaged great,null,null,null
very good,null,null,null
Very quick shipment!!  Everything was packaged neatly.,null,null,null
Received item quicker than other sellers.  This seller is on the ball for sure!!,null,null,null
Fast shipment! A++ Product arrived exactly as advertised!,null,null,null
Absolutely amazing seller- received my item lightning fast. Thanks so much!!!,null,null,null
Very fast shipment- Christmas present- games in unit very easy to wrap.,null,null,null
fast shipping  smooth tranaction thanks,null,null,null
Okay to deal with; fast shipper; will do business again in the future!,null,null,null
fast shipping.  good communicator  The wii is great  thanks,null,null,null
We received the Wii in a few days and the reansaction was a breeze! Awsome!,null,null,null
AWESOME QUICK SHIPMENT-THANKS,null,null,null
great item perfect seller A++++++++,null,null,null
fast shipping thanks,null,(Private listing),null
Received Wii quickly and intact.,null,null,null
Super quick shipping- even wrapped to hide contents - thank you so much!,null,null,null
Basically as advertised and arrived in 5 days,null,null,null
Received items in good time but had a question-Why no store copy receipt?,null,null,null
fast shipping and answered questions quickly would do business again,null,null,null
Very nice. as described and lightning fast shipping! Great ebayer.,null,null,null
Very speedy shipping with excellent communication!!! Item as promised.,null,null,null
** fast shipping great ebayer--Thank you,null,null,null
SHIPPED AS PROMISED..THANKS !,null,null,null
great ebayer,null,null,null
Excellent seller A++++- Very quick shipping,null,null,null
Extremely fast shipping- smooth transaction,null,null,null
Great seller- fast shiping A++++,null,null,null
Perfect.  Thanks again.,null,null,null
Fast shipping- well-packaged.  Good Communication.  Thanks!,null,null,null
Super fast delivery!  Thanks!,null,null,null
Thanks for your purchase... awesome e-bayer!,cdtek,null,null
Great product.  Fast shipping.  AAAA++++++,null,null,null
I paid in tha AM- had a tracking# by the PM- OUTSTANDING- AAAAA,null,null,null
The laptop came in time that was said and in the shape that we explained. A++,null,null,null
Awesome! Quick Delivery.,null,null,null
Great Transaction-Thanks!,null,null,null
Thanks for your patience!  Fast Shipping!  Looks great!,null,null,null
Just as promised!  Wonderful seller to deal with!  The best!  THANKS!!!,null,null,null
Excellent Item.,null,null,null
Great Communication. Item arrived quickly. Great Seller,null,null,null
Fast Shipping- Great to deal with!!,null,null,null
Quick Shipping. Great Ebayer! Recommended!,null,null,null
very good ebayer !,null,null,null
great transaction.  shipping costs seem high but oh well- got what i wanted,null,null,null
asset to ebay speedy delivery,null,null,null
great ebayer fast delivery- Thanks,null,null,null
Very fast shipping- the same product listed. Everything perfect!!!,null,null,null
Perfect Transaction!! Exactly as described Plus FAST ship!! Thanks! Recommended!,null,null,null
GREAT PRICED ITEM- FAST SHIPMENT,null,null,null
Very fast delivery!  Very satisfied with the product I received!,null,null,null
Great price- fast shipping. AAAAAAA+++++ eBay seller!,null,null,null
Item as described.  Fast shipping. 5 stars,null,null,null
Nice to deal with A++ - Thanks,null,null,null
Wow! Smooth transaction and superfast shipment! Great ebayer!,null,null,null
Good ebay guy,null,null,null
great item. shipped fast- thanks!,null,null,null
arrived on time and as described,null,null,null
Top marks across the board- replied quickly to all my e-mails...solid seller.,null,null,null
Excellent Transaction Quick and Smooth!! Thanks A++++,null,null,null
Great communication and fast delivery!  Thanks!,null,null,null
Item exactly as advertised.  Quick shipping. Reliable seller.  Thanks!,null,null,null
Great no problems...I recommend seller,null,null,null
A+ Great Service- Promp Reply to Questions.,null,null,null
delivery was amazingly fast.product as advertised-A++++,null,(Private listing),null
great item -recommended seller-fast shipping,null,(Private listing),null
fast shipment. thank you,null,null,null
THANKS... love the wii!!!!,null,null,null
fast shipping -great item,null,null,null
Fast Shipping great Ebayer A+,null,null,null
Exactly as listed and SUPER fast shipping!!!  THANKS,null,null,null
SUPER FAST SHIPPING!! IT JUST TOOK 3DAYS!!!,null,null,null
A superb seller.  Fast shipping and the item is a great piece of machinery-,null,null,null
++++++++++,null,null,null
Fast shipment....Great seller.....Thank you,null,null,null
A+++++++++++++++++++++++++,null,null,null
It was well shiped and they left great info for me,null,null,null
SUPER SELLER !!!!  Fast Shipping!!! Great product! BUY FROM THIS SELLER!,null,null,null
good product- received quickly,null,null,null
seller does what he states. super fast shipping A+++++,null,null,null
Great seller!!!!!!!!!!!!,null,null,null
Good packaging and  fast shipping+++++++++++++++++++,null,null,null
Item as described- fast- fast shipping- very satisfied.  would buy again,null,null,null
AS ADVERTISED. FAST DELIVERY. A+++,null,null,null
Quick shipping- as described.  Thank you!,null,null,null
Fast Shipping - Product as Described - Would do Business Again!!,null,null,null
*** Very Fast Payment. Pleasure to do business with. Many Thanks. ***,kws1990,null,null
Quick Shipment!  Great Seller!,null,null,null
Instant payment. Great ebayer. Thank you for your purchase. A++++++,571657978@deleted,null,null
Instant payment. Great ebayer. Thank you for your purchase. A++++++,571657978@deleted,null,null
FAST SHIPPING GREAT PRODUCT VERY SATISFIED THANKS,null,(Private listing),null
goos ish,null,null,null
GREAT transaction!,null,null,null
Great Seller/Great Item Just As Described/AAAAAAAAAA***************,null,null,null
got quickly,null,null,null
Extemely pleased- quick shipping,null,null,null
Two thumbs up,null,null,null
The system arrived fast and in perfect condition- everything as advertised.,null,null,null
Fast shipping- item was just as described! Excellent eBayer!!!,null,null,null
great seller-exactly as described- super fast shipping.,null,null,null
Fast shipping- items as stated- great transaction-  A+++++++++,null,null,null
Very cute and sleek! Good product! A+++,null,null,null
thank you good transaction monitor working fine,null,null,null
Fast- Good producti- Will buy from again  A++,null,null,null
Great product very fast delivery AAAAAA,null,null,null
EXCELLENT SELLER- MEGA FAST SHIPPING- GREAT PACKING- FIVE STARS ALL THE WAY*****,null,null,null
very quick shipping good ebayer.,null,null,null
Super fast delivery- works great- thanks for being there with this,null,null,null
Worked Great.  Daughter Loved it!!!!!!!,null,null,null
very fast shipping...great product...as described....A+++,null,null,null
A+++++ We have had so much fun with this-,null,null,null
Very satisfied with everything,null,null,null
excellent quality and fast shipping,null,null,null
Easy transaction.  Item was as described and shipped quickly.,null,null,null
Thank you,fanofstrawberryshortcake,null,null
Super fast shipping- item perfect.  Thanks!,null,null,null
good product fast delivery,null,null,null
WoW! Amazingly fast shipping! Great transaction! Love-Love-Love the MP3 Thanks!,null,null,null
THANK YOU!  SHIPPING WAS LITLE BIT LATE. EXCELLENT DEAL. WOULD DEAL AGAIN.,null,null,null
excellent seller will do business with again,null,null,null
super fast shipping- had so much fun w/this game- even our little one plays !!!!,null,null,null
Very Fast Shipping. Thank you!!! GREAT Seller!!!,null,null,null
Great Communication- Thanks- for the SMOOTH transaction!,null,null,null
Nice- Quick- and as advertised..... What more could you want!!,null,null,null
GREAT TRANSACTION...MY SON  HASNT STOPPED PLAYIN IT YET..TY,null,null,null
Item rec'd as described.  Fast shipping.  Thanks!,null,null,null
Exceptional service.  Fastest delivery I've ever had!,null,null,null
As advertised- quick ship!,null,null,null
Pleasure to so business with- will use again,null,null,null
Awesome!  Thanks for fast shipment; everything just as listed!,null,null,null
Got it fast. Thanks!,null,null,null
fast shipping,null,null,null
Exactly as advertised!  Thanks.,null,null,null
Good price- prompt delivery- item in condition promised.  A+++ seller.,null,null,null
fast shipping-very well packaged- quality item A++++++++++++,null,null,null
As Advertized.  Great transaction.,null,null,null
Great seller. fast shipping. thank you,null,null,null
Everything as noted- very positive.,null,null,null
great transaction - fast delivery,null,null,null
good deal quick shipping,null,null,null
Arrived in great condition and fast! Thank you.,null,null,null
Great bundle for a new family of players- arrived 3 days from ordering,null,null,null
shipping was fast---product was excellent,null,null,null
super  fast shipping  . willing  to  deal with again,null,null,null
as promised- great price- quick shipment,null,null,null
i love this baby stroller and I can joj while walking the baby.,null,null,null
Great Transaction.  Will do business again. A+++,null,null,null
THANKS!!,null,null,null
Wonderful system!  Gr8 ebayer- recommend highly.  Good follow up 2.,null,null,null
Thanks alot- very good deal- highly recommend this E-Bayer!!!!!!,null,null,null
Thanks- works great fast shipping,null,null,null
GREAATTT SELLEERRR! SUPER FAST SHIPPING! WILL SHOP FROM USER AGAIN! AA++++++++++,null,null,null
as advertised and came very quickly,null,null,null
VERY GOOD ITEM as described- QUICK SHIP. HELPFUL seler!,null,null,null
Item received exactly as described. Thanks!,null,null,null
Recieved- everything is great!  God Bless!,null,null,null
Never received markers was refunded payment,null,null,null
great seller!,null,null,null
Quick shipping- Harddrive as described- Thanks,null,null,null
Fast shipment. Product as described.  Wonderful seller. Highly recommend.A+++++,null,null,null
excellent seller.  fast shipping,null,null,null
A+++++ Item as listed would definitely buy again.,null,null,null
Smooth transaction. Fast delivery. good to do buisiness with.,null,null,null
Arrived today PERFECT!!!! Great seller,null,null,null
Prints well- however scratches on screen..shouldn't be there if brand new.,null,null,null
GREAT SELLER! GOT ITEM FASTER THAN EXPECTED!! COMPLETELY SATISFIED!!! THANKS!!!!,null,null,null
item arrived fast and is working good,null,null,null
awsome,null,null,null
Because i didn't receive- but i believe in my senses that this seller is ok.,null,null,null
Smooth transaction- as advertised,null,null,null
Thanks So Much for The Great DVD!!!!,null,null,null
Item as described... fast shipping... good communication... A+++,null,null,null
Item received in perfect condition. My boyfriend was very happy! Thank you!!!,null,null,null
fast response and shipping,null,null,null
Very fast shipment!!!!!  and great price,null,null,null
A+ experience- I will buy from again,null,null,null
great got it so fast!!,null,null,null
Delivered as advertised. Excellent EBAYER!!!,null,null,null
Great product at awesome price,null,null,null
fast shipping would buy from again. A++++++,null,null,null
Transaction went well.  Very fast delivery.,null,null,null
wonderful ebayer. item just as described- and fast shipping. A+!,null,null,null
Got it in a few days after payment. Came with everything and works great. A+++++,null,null,null
Got product quick and it works perfectly!,null,null,null
Item is exactly as described- thanks so much! A+++++++++++++,null,null,null
Item delivered quickly and as promised.  Great doing business with this ebayer,null,null,null
Great Ebayer 4 Star,null,null,null
very nice system!!!!!!!!!!!! GREAT EBAYER!!!!!!!!!!!!!!!!!!!!!!!!!!!11,null,null,null
Awesome Product-Very happy-AAAAAAAAA+++++++++++++++,null,null,null
Good price. Prompt shipping. Item as described. Smooth transaction. A+ Thanks!,null,(Private listing),null
A+ Everything is in good working order!,null,(Private listing),null
GREAT BUYER AAAAAAAAAAAAAAAAAAA+++++++++++++++++++++,null,(Private listing),null
Very patient- good service!,null,(Private listing),null
Item as listed.,null,null,null
Super fast payment - great ebayer - would love to do business with again - A++++,5712789@deleted,null,null
Smooth transaction! Thanks for your fast payment.,yshwc06,null,null
good seller,null,null,null
VERY NICE ROUTER THANKS GREAT SELLER A++++++++++++++++++++,null,null,null
fast shipment have yet to install but looks good so far,null,null,null
Received quickly - careful packaging as described - thanks!,null,null,null
fast shipping!!great product!!great price!!A++++,null,null,null
instant payment. great ebayer! A+++++++++,270858446@deleted,null,null
instant payment. great ebayer! A+++++++++,270858446@deleted,null,null
instant payment. great ebayer! A+++++++++,270858446@deleted,null,null
Instant payment- great transaction & an excellent customer. Highly recommended,44811115@deleted,null,null
thanks for the printer!,null,null,null
Super fast shipping...great ebayer! Thank you!,null,null,null
Very fast transaction!  Awesome Ebayer!,null,null,null
Exactly what I wanted and fast shipment! Thanks!,null,null,null
Great transaction. Thanks!,null,null,null
Item arrived quickly and in good condition.  A++,null,null,null
great,null,null,null
Nice Item Thanks!!,null,null,null
great seller- good item recommendable.  super fast ship.  thank u,null,null,null
Excellent Ebayer. Went out of the way to get my purchase to me quickly...,null,null,null
Very impressed- shiped fast- received a good system.,null,null,null
good quality item.every thing function correctly. everything in the box.,null,null,null
Great product. Saved a bunch of money. thank you. A+,null,null,null
****Excellent seller******,null,null,null
Excellent seller -- super fast shipment- a pleasure to work with.,null,null,null
Got  what we ordered in new condition,null,null,null
no problems perfect transaction,null,null,null
Thank You,null,null,null
Great Buyer! Fast Payment! A+++!!!,sakuradreams,null,null
Great deal- fast shipping- Thanks very much!! AAAAA****,null,null,null
good,null,null,null
Item arrived as advertised.  Good seller.,null,null,null
Fast Payment- thanks!,machxi,null,null
Good product.  No problems with transaction.,null,null,null
Awesome deal! A++ ebayer!,null,null,null
Item as described- promptly shipped.  Would buy from again.  Thanks!,null,null,null
Fantastic seller! Super fast shipping. THANK YOU!!!!!,null,null,null
A+++ Seller! Item just as described! Fast and easy Transaction!,null,null,null
Good Shipping Good Ebayer,null,null,null
Arrived quickly and in great shape. Thank you!,null,null,null
Arrived quickly and in great shape. Thank you!,null,null,null
A++  Exactly What was ordered.,null,null,null
Great Item- Fast Shipping!,null,null,null
thank you ! i will have a very happy grandson,null,null,null
Great Product super fast shipping! A +++,null,null,null
Great to do business with. Very fast shipment  and product was as stated. A+++++,null,null,null
Fast shipping- and just what I ordered.  Thanks!,null,null,null
excellent communication- great ebayer,null,null,null
Item Just as described- shipped Super Fast- thanx alot- Awesome Seller- A++++,null,null,null
very happy with respanse time,null,null,null
Product was as promised- prompt delivery- good seller,null,null,null
Fast ship- great item- thank you!!,null,null,null
Really good product- good shipping- good seller.,null,null,null
Great Seller.  Fast Shipping.  THANKS!,null,null,null
GREAT TIMEING AND EVEN BETTER SPEAKER,null,null,null
In great condition as advertised!,null,null,null
THANKS,angela26294,null,null
Great seller. Fast shipping. Would gladly do business again.,null,null,null
A+++++++ Seller  Good Communication,null,null,null
Good Seller...Merch is as advertised. Fast shipping,null,null,null
fast shipping - A++++++++++++++,null,null,null
great seller!  shipment was recieved shortly after payment.,null,null,null
great ebayer!!!! fast shipping!!!!!,null,null,null
OUTSTANDING SERVICE THANKS!!!!!!!!!!,null,null,null
fast order and payment; recommend highly,c-51648,null,null
A+++  Good Price- Fast Shipping and Excellent Comunication. Recommend!,null,null,null
Excellent service,null,null,null
HOLY COW!!!  CRAZY FAST SHIPPING!!!!!!!!!!  A+++++++++++++++++++++++++,null,null,null
A++ fast shipper,null,null,null
fast delivery,null,null,null
Item As Described And Good Shipping A++++ Ebayer Would Buy From Again,null,null,null
item as descriped.  thanks!,null,null,null
Fast shipping.. good ebayer,null,null,null
EXACTLY as advertised; PERFECT transaction; GREAT ebay seller; Thanks!!!,null,null,null
Great Seller!!  Great Communciation- great service!,null,null,null
Thank u,null,null,null
FAST shipment!  DEFECTIVE item & couldn't get $ back = ( .. Still a GOOD seller.,null,null,null
I received the card in reasonable time in perfect condition,null,null,null
Fast service...good seller...recommended,null,null,null
Great price great delivery AAAA+++++++++,null,null,null
good stuff man!,null,null,null
Excellent Item- Fast Shipping!! AAAAAAAA++++++,null,null,null
Fast shipment... well packaged... A+ deal. Thanks!!,null,null,null
great product fast shipping AAAA++++,null,null,null
DVD in perfect condition. Recommend seller.,null,null,null
Excellent service- very fast,null,null,null
As listed- quick shipping- easy transaction. Thanks!!!,null,null,null
A+++ FasTSHIPPING! GREAT COMMUNICATION! GREAT MERCH! THANKS!,null,null,null
great transaction thanks again,null,null,null
Quick shipping... smooth transaction A+,null,null,null
Awesome movie- in great condition!!!!,null,null,null
Great item thanks,null,null,null
Excellent! fast service. Great ebayer Thanks!,null,null,null
very informative when asked a question about product.,null,null,null
Great Seller- Fast Shipping- GREAT PRODUCTS!!!!! Highly Recommended,null,null,null
product as described.  quick shipping. thanks!,null,null,null
Great transaction.  Super fast shipping.  Thanks!,null,null,null
Great Ebayer - fast shipment A+++,null,null,null
As advertised. Quick shipping. Thanks!,null,null,null
Great Product! Great Transaction! Thanks!,null,null,null
Very happy with the way of  doing bussiness . Everything worked fine. thank you,null,null,null
Perfect!...Excellent comunication...super fast shipping.,null,null,null
Thanks- great deal! A+,null,null,null
Great price and really fast shipping. I want a gameboy ds lite,null,null,null
Great to deal with,null,null,null
Router arrived- product just as described- thanks,null,null,null
No Problems. Fast Shipping.,null,null,null
been great buying from you+++++++++++++,null,null,null
great item. very gd ebayer.,null,null,null
very fast service.  item as ordered.  very satisfied,null,null,null
great to deal with saved me lots of money,null,null,null
FAST shipment!!  Great product at a great price!  will do business again-Thanks,null,null,null
perfect transaction,null,null,null
quick shipping,null,null,null
Fast- easy transction!  Prompt delivery!  WOULD HIGHLY  RECOMMENDED!!!!,null,null,null
Very good service good condition on arrival thanks,null,null,null
good seller.  fast shipping and good communication.  highly reccomended!,null,null,null
smooth transaction! Nice to deal with,null,null,null
Great item- fast shipping- packaged well. Item new as described. Thank you-A++++,null,null,null
Smooth transaction -- product as listed  and shipped timely . A++,null,null,null
Fast shipping- works great! Thanks! AAA++++,null,null,null
fast delivery item as described- thankyou,null,null,null
Awesome !   Asset to Ebay !   A+ A+ A+ A+ A+,null,null,null
VERY FAST Shipping! Brand New! AWESOME Ebayer! Thanks!!,null,null,null
ITEM AS ADVERTISED GREAT TRANSACTION,null,null,null
Item as promised-thanks,null,null,null
Looks good- doesn't apear to be new though.  Checked warranty... still valid.,null,null,null
fast delivery!! great product,null,null,null
fast buyitnow payment!,kwokdawg,null,null
good shipping time! thanks!,null,null,null
fast shipping..pleasure doing business..excellent seller..A++++++++++,null,null,null
Quick easy transaction- Excellent shipping,null,null,null
Super fast delivery got the movie in 3 days from end of Auctions. Awesome Seller,null,null,null
fast service and shipping- recommended. A+,null,null,null
great deal bro...,null,null,null
Excellent transaction.  Fast shipping.  AAAAA+++ ebay seller.,null,null,null
very fast shipping great ebayer!!!,null,null,null
good item,null,null,null
Recieved the dvd Thank you AAAAAAA+++++++++++++++++,null,null,null
Just as described ... Thank You,null,null,null
Great item and received super fast.  Thanks.,null,null,null
Good product! Delivered as described. Thanks! Will buy again from this Ebayer!!!,null,null,null
great transaction! really fast shipping and a good ebayer! AAAAA+,null,null,null
Arrived quickly. Item exactly as described. Good seller: helpful and responsive!,null,null,null
Excellent ebayer!,320161841@deleted,null,null
Excellent ebayer!,320161841@deleted,null,null
Thank you for your fast payment! A++ ebayer!,lofever,null,null
Great Seller! Fast Shipping! AAAA++++++++++  Would buy from again!,null,(Private listing),null
excellent ebayer-terrific product A++++,null,(Private listing),null
Great Item . Thanks. Great Ebayer . AAAAAAAAAAAAAAAA+++++++++++,null,(Private listing),null
GREAT PRODUCT VERY QUICK TRANSACTION,null,null,null
fast shipment--good communication-item exactly as promised-A+++++ seller--thanks,null,null,null
Great seller! Would love to do business with again.,null,null,null
Great Items and FAST Shiping,null,null,null
I am so pleased!  I found what I have been looking for!  Great Service! Thanks!,null,null,null
Came NEW  just as Advertised!--Thanks!!,null,null,null
nice transaction thanks,null,null,null
Very fast delivery- A+ Will do busness again.,null,null,null
Item was as avertised and delivered promptly.,null,null,null
Smooth transaction- fast shipping. A+++ seller. Thanks!,null,null,null
As described. Smooth Transaction. Thanks!,null,null,null
extremely fast payer- great ebayer. A++++,84551369@deleted,null,null
Thank you so much! i can  now enjoy my bluetooth earpiece :) A+++,null,null,null
excellent job! would buy from again!  my wife loves it!,null,null,null
Fast delivery- very responsive- would buy again!,null,null,null
nice and easy,null,null,null
Delivered as promise... GREAT SELLER!!!!,null,null,null
RipOff - Paid -Item did not work- returned item but promised refund never made,null,null,null
Thank You- very fast shipping just in time for the beach!!!,null,null,null
Nice item- happy with the seller. I give you an A+++,null,null,null
Very nice monitor. I have one just like. Wanted another for dual monitor display,null,null,null
Great transaction. Fast shipping.,null,null,null
Fast shipment. Flawless product. Great Ebayer. w00t!,null,null,null
Fast shipment and product as described.  Recommend!!!,null,null,null
Fast shipping- product just like represented. Great seller.,null,null,null
Great ebayer!!!!!!!!!,null,null,null
thanks for a great transaction!,null,null,null
THANKS FOR THE QUICK SHIPMENT!,null,null,null
Received item EXTREMELY quickly and in excellent shape!  GREAT seller!  A++,null,null,null
A++ Fast service- exactly as advertised. I recommend this seller.,null,null,null
Easy Transaction.  Fast Shipment,null,null,null
Item just as described.  Thank you!,null,null,null
Thanks for the super fast shipping.  A+++++ ebayer!,null,null,null
quick delivery will do buisness again AAAA+++++,null,null,null
Item was exactly as described and came quickly.,null,null,null
Super fast shipping...excellent product! AAAAAAAA++++++++++++++++,null,null,null
Great item as described .... Great Seller ... ThanKS!!!  =D,null,null,null
thank you for,null,null,null
ALWAYS A PLEASURE DO BUSINESS WITH A+++++++++ EBAYER,null,null,null
Got it and thank you!,null,null,null
A pleasure to do business with.,anewmorebeautifulyou,null,null
Super quick payment. Hope to do business with again SOON!,anewmorebeautifulyou,null,null
Excellent Ebayer!!! Speedy shipping- A+++++++++++++++++++,null,null,null
grandkids love these--ALL BUYERS-THIS SELLER DOESN'T RIP YOU OFF ON SHIPPING!!!!,null,null,null
this is great--now just need to learn to use it---thanks!!!!,null,(Private listing),null
AWESOME SELLER- WOULD BUY AGAIN- A++++++++,null,(Private listing),null
Great Seller.  Thanks,null,null,null
Good Seller,null,null,null
Good eBayer. Thank you!,null,null,null
Thank You! Quick Shipping and great markers!,null,null,null
perfect- thank you,null,null,null
Pens received...thank you nice prompt service...,null,null,null
Thank you for an easy- pleasant transaction. Excellent buyer. A++++++.,bingshoppings,null,null
Great Item & Super Fast Shipping (Zooom Zooom)- Great Seller A+++,null,null,null
hard drive arrived safely- thank you,null,null,null
Shipping was prompt- no problems. Thanks! A+++,null,null,null
fast fast fast,null,null,null
GREAT ITEM!!!!!!!!!!!!!!!!!!!!LOVE IT!!!!!!!!!!!!!!!,null,null,null
Excellent item.  Super fast shipping.,null,null,null
EXCELLENT seller. Thanks for shipping so fast!,null,null,null
Quick shipment- perfect condition.  Recommend this seller!,null,null,null
Great seller- well packaged- FAST delivery - very pleased- thank you! A+++++,null,null,null
Good communications - an asset to the E-bay community!!!,null,null,null
Hope to deal with you again. Thank you.,bingshoppings,null,null
iIt was a great price and got it on time,null,null,null
Supurb service,null,null,null
A++++++++++++ EBAYER!!!! HIGHLY RECOMMENDED!!!!!!,null,null,null
I'd buy from this seller again!,null,null,null
Thank you - great service!,null,null,null
thank you...fast shipping...i wasnt expecting to get it until a couple more days,null,(Private listing),null
good transaction,null,null,null
Super fast shipping- great item. Thanks. A+,null,null,null
great ebayer!! fast shipping!! thanks!!!,null,null,null
great product. Shipped without USB cable. It's All Good Though. Thanks.C+Ebayer!,null,null,null
Good Business and Good Seller,null,null,null
Good buyer- prompt payment- valued customer- highly recommended.,bingshoppings,null,null
thanks!,null,null,null
recieved thanks,null,null,null
GREAT SELLER- I WILL BUY AGAIN- AAA+++,null,null,null
Thanks for a smooth transaction.,null,null,null
Fast delivery in a well wrapped box.  Thank you!,null,null,null
Excellent merchandise- quick shipping- excellent seller. Thank you,null,null,null
incredibly fast shipping. thanks,null,null,null
Smooth sale- great price- quick ship.  Recommend!,null,null,null
Great seller- Great Product-  very fast shipping. Look to do business again,null,null,null
Great item- as described- fast shipping. Easy to work with...Great seller!,null,null,null
awesome item- fast delivery,null,null,null
great seller. quick- and good. would recommend!,null,null,null
Quick shipping- item as described.  A highly recommended seller.,null,null,null
Thanks!!please leave me feedback also,null,null,null
Thanks! New and Fast Shipping,null,null,null
instant payment.thank you very much! A++++++,fatdeal4u,null,null
Great ebayer! Thanks!,72347078@deleted,null,null
EXCELLENT ! ! !  Fast response and product worked great.  A++++++++,null,null,null
Fast Shipment- Great Product- would buy from again. AAA+,null,(Private listing),null
Instant pay. Thanks a lot! Willing to do business with again!  A++++++,maimaity,null,null
as described,null,(Private listing),null
Easy transaction. Thank you for the monitor.,null,null,null
(Â¯`'Â•.Â¸ (Â¯`'Â•.Â¸ THANK YOU! Â¸.Â•'Â´Â¯)Â¸.Â•'Â´Â¯),null,null,null
fast ship++++++++++++++,null,null,null
Thank you for fast payment! Great ebayer A+++,lofever,null,null
Very Good Communication  As Described  AAA++++,null,null,null
very fast shipment and quality merchandise. Very good trader. A+++,null,null,null
Great seller A+++++,null,null,null
paid promptly and as agreed smooth transaction thank you!,everythingauction,null,null
Came fast! Great Product!!!,null,null,null
Prompt response,null,null,null
Got it SUPER FAST!!!!   I love my new monitor - it's better than I had hoped!,null,null,null
OUTSTANDING.............Highly recommended!!,null,null,null
Extremely great ebay customer- quick payment and easy to deal with. Great!!!!,rucksters,null,null
very fast payment- A+++++,paullide,null,null
box not packaged well for laptop being inside- but good honest ebayer.,null,null,null
Excellent seller- great communication- A+++!!!! Thanks again!,null,null,null
Great item- super FAST shipping! Excellent service...,null,null,null
Excellent Ebayer to do business with.  Item as described. Fast Shipment.  A+++++,null,null,null
Fast Payment. Great Ebayer. Thank You. Welcome back shopping again.,etrading2003,null,null
Fast Shipment! Great product!!!,null,null,null
Great Monitor- super fast delivery.   Would buy again.  A+,null,null,null
Very speedy with the shipping- A +++,null,null,null
Fast delivery- well packaged all as described - Thanks,null,null,null
very smooth delivery,null,null,null
Great transaction!,randomosity2,null,null
Immediate payment- a pleasure to deal with!!  A+++++++,bubtilda,null,null
very good seller- perfect transaction.,null,null,null
Fast shipping awesome seller a+++++,null,null,null
smooth transaction!  Nice to deal with,null,null,null
