,FEEDBACK,PRICE,SELLER NAME,PRODUCT NAME
0,"Good Seller , Item as Advertised , Quick Ship",US $24.98,null,Canon PG-240XL Ink Cartridge - Black (#274306685961)
1,"Thank you for an easy, pleasant transaction. Excellent buyer. ~adidas_official",null,adidas_official,null
2,"Thank you for an easy, pleasant transaction. Excellent buyer. ~adidas_official",null,adidas_official,null
3,"Thank you for an easy, pleasant transaction. Excellent buyer. ~adidas_official",null,adidas_official,null
4,"Thank you for an easy, pleasant transaction. Excellent buyer. ~adidas_official",null,adidas_official,null
5,Speedy and product exactly  as described. Great seller!,US $246.96,null,Brand New Apple iPad 32GB - Space Grey (2017 Model) (#223793534018)
6,"fast shipping, item as advertised ",US $269.96,null,Brand New Apple iPad 32GB - Space Grey (2017 Model) (#223793534018)
7,Thank you!!  Item like described.  Great Seller! ,US $239.98,null,"Brand New Apple iPad 5th Gen. 32GB, Wi-Fi, 9.7in - Gold (#274146207819)"
8,Great value and as advertised,US $249.96,null,Brand New Apple iPad 32GB - Space Grey (2017 Model) (#223793534018)
9,Great seller.  Item was as advertised.,US $238.98,null,"Brand New Apple iPad 5th Gen. 32GB, Wi-Fi, 9.7in - Gold (#223793532311)"
10,Great seller good to have a business with you,US $239.98,null,"Brand New Apple iPad 5th Gen. 32GB, Wi-Fi, 9.7in - Gold (#274146207819)"
11,Thanks,US $324.89,null,Nintendo Switch - 32GB Gray Console - (with Gray Joy-Cons) (#223775664915)
12,Love the item!!,US $238.98,null,"Brand New Apple iPad 5th Gen. 32GB, Wi-Fi, 9.7in - Gold (#223793532311)"
13,"Excellent ebayer, would buy again. Fast Shipping!",US $318.98,null,"Apple iPad mini 4 128GB, Wi-Fi, 7.9in - Gold (#223787251107)"
14,"Fast shipping, product was as described.",US $324.98,null,Nintendo Switch - 32GB Gray Console (with Neon Red/Neon Blue Joy-Con) (#273599256653)
15,Fast shipment.  Recommended seller.,US $250.98,null,Apple iPad 32GB - Space Grey (2017 Model) (#273558185029)
16,A+++++seller. VertrauenswÃ¼rdige VerkÃ¤ufer! ,US $99.98,null,Moto Insta-Share Projector (#223750258952)
17,Quick response and fast payment. Perfect! THANKS!! ~adidas_official,null,adidas_official,null
18,Great communication. A pleasure to do business with. ~adidas_official,null,adidas_official,null
19,Thank you so much for sharing eBay with us.  PayPal Digital Gifts,null,paypal_digital_gifts,null
20,Professional company. Would recommend to anyone. Great item. ,US $329.98,null,"Apple iPad mini 4 128GB, Wi-Fi, 7.9in - Space Gray (#273581498778)"
21,Thks,US $329.98,null,Nintendo Switch - 32GB Gray Console (with Neon Red/Neon Blue Joy-Con) (#273590818098)
22,"FRAUD SELLER,CANCELLD ORDER WITHOUT INFORMING ME,NEVER SHIPPED THE ITEM,AVOID",US $329.89,null,Nintendo Switch - 32GB Gray Console - (with Gray Joy-Cons) (#273558251620)
23,"Good buyer, prompt payment, valued customer, highly recommended.",null,dirtdevil,null
24,Received an awesome new laptop! Loving it so much! Thank you!!,US $149.98,null,"Lenovo IdeaPad 110s 11.6"" (32GB, Intel Celeron N, 2.60GHz, 2GB) Laptop - White (#223224740841)"
25,"Terrible seller, NOT RECOMMENDED, BEWARE!",US $329.89,null,Nintendo Switch - 32GB Gray Console - (with Gray Joy-Cons) (#273558251620)
26,Crocs approved! Super fast payment. Prompt response. Come back soon.,null,crocsoutlet,null
27,Crocs approved! Super fast payment. Prompt response. Come back soon.,null,crocsoutlet,null
28,Great service Thanks!!!,US $34.98,null,Google Chromecast (2nd Generation) HD Media Streamer - Black (#273510110836)
29,Great Product -- Fast Shipping -- No Problems!,US $149.98,null,"Lenovo IdeaPad 110s 11.6"" (32GB, Intel Celeron N, 2.60GHz, 2GB) Laptop - White (#223206750174)"
30,"Thank you for an easy, pleasant transaction. Excellent buyer. ~adidas_official",null,adidas_official,null
31,Great communication. A pleasure to do business with. ~adidas_official,null,adidas_official,null
32,Great communication. A pleasure to do business with. ~adidas_official,null,adidas_official,null
33,Great communication. A pleasure to do business with. ~adidas_official,null,adidas_official,null
34,"Good buyer, prompt payment, valued customer, highly recommended.~adidas_official",null,adidas_official,null
35,"Good buyer, prompt payment, valued customer, highly recommended.~adidas_official",null,adidas_official,null
36,"Good buyer, prompt payment, valued customer, highly recommended.~adidas_official",null,adidas_official,null
37,Great communication. A pleasure to do business with. ~adidas_official,null,adidas_official,null
38,Great communication. A pleasure to do business with. ~adidas_official,null,adidas_official,null
39,Quick response and fast payment. Perfect! THANKS!! ~adidas_official,null,adidas_official,null
40,Quick response and fast payment. Perfect! THANKS!! ~adidas_official,null,adidas_official,null
41,Thank you so much for sharing eBay with us.  PayPal Digital Gifts,null,paypal_digital_gifts,null
42,"Thank you for an easy, pleasant transaction. Excellent buyer. ~adidas_official",null,adidas_official,null
43,"Thank you for an easy, pleasant transaction. Excellent buyer. ~adidas_official",null,adidas_official,null
44,Quick response and fast payment. Perfect! THANKS!! ~adidas_official,null,adidas_official,null
45,"Good buyer, prompt payment, valued customer, highly recommended.",null,dirtdevil,null
46,Instant payment. Excellent buyer! Thank you,null,matchqqqq,null
47,Great item and super fast shipping! Thanks! A+++,US $109.98,null,Canon PowerShot A3500 IS 16.0 MP Digital Camera - Red (#222383505289)
48,Many thanks from *GALPIN HONDA MISSION HILLS* Excellent Ebayer!!!!!!!!!,null,galpinhonda,null
49,"Had a small issue but seller took care of the problem right away, very pleased!",US $84.98,null,"Hoover TwinTank Steam Mop, WH20200 (#271817026002)"
50,Perfect!  Thank you!,US $89.98,null,Canon PowerShot A3500 IS 16.0 MP Digital Camera - Red (#222383505289)
51,"Smooth transaction, fast shipping....  A+++",US $89.98,null,Canon PowerShot A3500 IS 16.0 MP Digital Camera - Red (#222383505289)
52,"Fast Shipping, great item, Would buy again, AAAAAAAAAAAAAAAA++++++++++++++",US $89.98,null,Canon PowerShot A3500 IS 16.0 MP Digital Camera - Red (#222383505289)
53,Thanks for you understanding and cooperation.,US $89.98,null,Canon PowerShot A3500 IS 16.0 MP Digital Camera - Red (#271420068286)
54,Good buyer! Highly recommended!! +++++,null,starbellone,null
55,"Fast shipping, excellent brand new on collectors bag",US $89.98,null,Canon PowerShot A3500 IS 16.0 MP Digital Camera - Red (#271420068286)
56,"everthing works, fast delivery",US $89.98,null,Canon PowerShot A3500 IS 16.0 MP Digital Camera - Red (#271420068286)
57,Thank for your purchase and being an awesome eBay member. We love you!,null,paypal_digital_gifts,null
58,Seller was wonderful to work with. Thank you so much!!,US $89.98,null,Canon PowerShot A3500 IS 16.0 MP Digital Camera - Red (#271420068286)
59,Hope to deal with you again. Thank you.,null,cardency,null
60,Thanks so much for shopping with PayPal Digital - You are awesome !,null,paypal_digital_gifts,null
61,Very good seller!!!,US $249.98,null,Brand new Sony Cyber-shot DSC-TX20 16.2 MP Digital Camera - Pink (#271301617971)
62,Hope to deal with you again. Thank you.,null,homiegear,null
63,You are an amazing buyer and we look forward to seeing you again on eBay!,null,paypal_digital_gifts,null
64,"Thank you for an easy, pleasant transaction. Excellent buyer. A++++++.",null,healthylifesupply,null
65,"excellent buyer, quick payment",null,myherbar,null
66,Great communication. A pleasure to do business with!!!! AAAAAA++++++,null,zedona,(Private listing)
67,Hope to deal with you again. Thank you.,null,homiegear,null
68,Thank for your purchase and being an awesome eBay member. We love you!,null,paypal_digital_gifts,null
69,Great Buyer!,null,verabradley,null
70,We love you!   Thank you so much for sharing eBay with us.  PayPal Digital,null,paypal_digital_gifts,null
71,Great communication. A pleasure to do business with.,null,svmgiftcards,null
72,Love to do biz with again.,null,shamcy,null
73,Hope to deal with you again. Thank you.,null,svmgiftcards,null
74,"Thank you for an easy, pleasant transaction. Excellent buyer. A++++++.",null,lifestylebyfocus,null
75,Quick response and fast payment. Perfect! THANKS!!,null,svmgiftcards,null
76,Quick response and fast payment. Perfect! THANKS!!,null,ebags,null
77,Quick response and fast payment. Perfect! THANKS!!,null,svmgiftcards,null
78,"5ðŸŒŸBuyer! We look forward to doing business again in the future, Thank You! ðŸ˜Ž",null,robopimp,null
79,You are the best!  Thank you so much for sharing the eBay experience with us :),null,paypal_digital_gifts,null
80,"Good buyer, prompt payment, valued customer, highly recommended.~hasbro-toy-shop",null,hasbro-toy-shop,null
81,"Good buyer, prompt payment, valued customer, highly recommended.~hasbro-toy-shop",null,hasbro-toy-shop,null
82,Thanks for buying from Best Buy,null,best_buy,null
83,Quick response and fast payment. Perfect! THANKS!!,null,traxtone,null
84,Thank you for shopping at Aeropostale!  Please come again.,null,aeropostale,null
85,Thank you for shopping at Aeropostale!  Please come again.,null,aeropostale,null
86,A+A+A+A+A+,null,null,null
87,Thank you for shopping with Newegg.,null,newegg,null
88,Thanks for your order and quick payment!,null,boxunbox,null
89,SUPERFAST PAYMENT! GREAT EBAYER! HOPE TO DO BUSINESS AGAIN! A+A+A+,null,threerb,(Private listing)
90,â™¥ÓœÌµÌ¨Ì„Æ· â™¥Â¸Â¸.*Â´VALUED BUYERâ™¥WELCOME BACK 4 DISCOUNT COACH ITEMSâ™¥,null,the-merchant-of-vega$,null
91,"Great ebayer, prompt payment and instant communication, thank you!",null,rain_blood,null
92,Quick PAY! Thanks.,null,funkybusarider,null
93,Zoro Tools loves you. Three Thumbs Up!,null,zorotools,null
94,"Good buyer, prompt payment, valued customer, highly recommended.",null,best_buy,null
95,Thank you for shopping with Newegg.,null,newegg,null
96,Thank you for you business.,null,refgoods1,null
97,Happy with the purchase,null,null,null
98,Thank you for your business!,null,microsoft,null
99,"Great communication, A pleasure to do business with,",null,proximitystore,null
100,"Thank you for an easy, pleasant transaction.  Excellent buyer.",null,giftcardmall,null
101,Good seller and fast shipping will do business again,null,null,null
102,Excelent!!!!,null,null,null
103,Arrived quickly in excellent condition,null,null,null
104,Very Good Buyer !!! Thank You!!!!,null,soundvideo-bay,null
105,"the seller not shipping to P.R., but good comuniction.",null,null,null
106,"Thank you for an easy, pleasant transaction. Excellent buyer. A++++++.",null,altatac,(Private listing)
107,"Great communication, A pleasure to do business with,",null,proximitystore,null
108,Everything was perfect.,null,null,null
109,Very quick shipping!  Thank you!,null,null,null
110,It went out of stock when i bought it but inmediatly refunded my money,null,null,null
111,fast a+++,null,null,null
112,Laptop received. Thanks,null,null,null
113,"Great seller, fast shipping. Thanks",null,null,null
114,as promised,null,null,null
115,Perfect! Strongly recommended!,null,null,null
116,Good deal,null,null,null
117,Great sell! Shipped out super fast and was well packed!!! *****,null,null,null
118,The item arrived OK on time. very good seller.,null,null,null
119,PERFECT!! Arrived 2 days before expected...NICE JOB! Thanks :0),null,null,null
120,"Item as described, delivered on time, RECOMMEND to everyone! Will buy again!",null,null,null
121,Great communication. A pleasure to do business with.,null,gogreendirect,null
122,Great communication. A pleasure to do business with.,null,giftcardmall,null
123,Quick response and fast payment. Perfect! THANKS!!,null,giftcardmall,null
124,Great thanks,null,null,null
125,"great buyer, happy to deal with you.  will appreciate your + feedback.",null,mountainxiu,null
126,Works Great,null,null,null
127,"Fast shipping, great seller ",null,null,null
128,Item received in great condition. No problems. Thanks. Seller AAA+++,null,null,null
129,"Arrived very fast, new, in box. Thank you",null,null,null
130,Great seller.  Delivered sooner than expected...A+ transaction.,null,null,null
131,"item as described, fast shipping, great ebayer............Thanks...............",null,null,null
132,Pros:Incredibly fast shipping!!! Con's:He raised the price a few more dollars.,null,null,null
133,Loved the leap pad SUPER FAST DELIVERY!!!!,null,null,null
134,wonderful service - would do business with again,null,null,null
135,Very fast delivery,null,null,null
136,"Brand new quick shipment, Thanks.",null,null,null
137,good,null,null,null
138,Very fast shipping!!!! Thanks.,null,null,null
139,got here so fast! ,null,null,null
140,ordered on sunday the 12th and got it on thurs the 16th very fast & great tablet,null,null,null
141,Very fast and great price!,null,null,null
142,Great seller!,null,null,null
143,EXCELLENT!!! FAST SHIPPING AND ITEM ABOVE EXPECTATIONS!!! A++++++++,null,null,null
144,Outstanding!!! Great Pricing!!! Fast Shipping!!!,null,null,null
145,Great seller!! Great item!!,null,null,null
146,good,null,null,null
147,Fast shipment.  !!!!,null,null,null
148,great product and fast shipping,null,null,null
149,Thank You!,null,null,null
150,The item was exactly how the seller described and arrived in the estimated time.,null,null,null
151,Good transaction,null,null,null
152,my new best friend,null,null,null
153,Item shipped as promised and accurately advertised.,null,null,null
154,Great price Fast shipping,null,null,null
155,great service,null,null,null
156,"good seller, fast shipping!",null,null,null
157,"good seller, fast shipping!",null,null,null
158,"Thank you for an easy, pleasant transaction. Excellent buyer. A++++++.",null,enjoyebiz,null
159,"LIGHTNING FAST PAYMENT, GREAT CUSTOMER, HIGHLY RECCOMENDED, PLEASUE AAA++++",null,rsundby37,null
160,"Fast shipping, just as described A++++++",null,null,null
161,Perfect,null,null,null
162,Excellent Transaction - Great Communication - Fast Shipping - Highly Recommend,null,null,null
163,"good seller, shipped on time",null,null,null
164,thank you quick shipping!,null,null,null
165,"Thank you for an easy, pleasant transaction. Excellent buyer. A++++++.",null,barnesandnobleinc,null
166,Great communication. A pleasure to do business with.,null,sunmall88,null
167,"great price, fast delivery, but wrong item (had to return)",null,null,null
168,A+,null,null,null
169,A+,null,null,null
170,Great seller! will buy from again in the future!,null,null,null
171,very fast shipping A+++,null,null,null
172,excellent service and delivered on time,null,null,null
173,"thank you, love it, hope we can do buisness again soon",null,null,null
174,awesome transaction,null,null,null
175,Great buy! Fast shipping! Thanks!,null,null,null
176,A+++ Received within 6 days of payment. Highly recommend this seller!,null,null,null
177,as described,null,null,null
178,Good Deal Thanks. 5*,null,null,null
179,Quick response and fast payment. Perfect! THANKS!!,null,hootoodeals,(Private listing)
180,Product great!  Timely service,null,null,null
181,Fast payment....great transaction...thanks!,null,ladydi7147,null
182,Thank You For Shopping Cargolargo!!  We Appreciate Your Business!!,null,cargolargo,null
183,Super fast shipping...love the boots! Thanks!,null,null,null
184,Awesome transaction. Great eBayer. Thanksâ€¦â€¦..,null,visualstudio97,null
185,A++++++++++++++++++,null,null,null
186,"excellent transaction, quick ship - would do business again",null,null,null
187,received as promised,null,null,null
188,Thank you,null,null,null
189,Super!,null,null,null
190,Excellent Seller!!!!!!! Super fast shipping!!!!!! Highly recommend!!!!!,null,null,null
191,"Very good deal, fast shipping.",null,null,null
192,Great seller.  Price was awesome so I didn't mind paying so much for shipping :),null,null,null
193,I am impressed with accuracy of the description and the care taken in shipping.,null,null,null
194,Very fast payment.  Highly recommended.  A+++++,null,jagrfannj,null
195,Very fast payment.  Highly recommended.  A+++++,null,jagrfannj,null
196,Very fast payment.  Highly recommended.  A+++++,null,jagrfannj,null
197,Very fast payment.  Highly recommended.  A+++++,null,jagrfannj,null
198,Very fast payment.  Highly recommended.  A+++++,null,jagrfannj,null
199,Very fast payment.  Highly recommended.  A+++++,null,jagrfannj,null
200,"Good Seller , Item as Advertised , Quick Ship",US $24.98,null,Canon PG-240XL Ink Cartridge - Black (#274306685961)
201,"Thank you for an easy, pleasant transaction. Excellent buyer. ~adidas_official",null,adidas_official,null
202,"Thank you for an easy, pleasant transaction. Excellent buyer. ~adidas_official",null,adidas_official,null
203,"Thank you for an easy, pleasant transaction. Excellent buyer. ~adidas_official",null,adidas_official,null
204,"Thank you for an easy, pleasant transaction. Excellent buyer. ~adidas_official",null,adidas_official,null
205,Speedy and product exactly  as described. Great seller!,US $246.96,null,Brand New Apple iPad 32GB - Space Grey (2017 Model) (#223793534018)
206,"fast shipping, item as advertised ",US $269.96,null,Brand New Apple iPad 32GB - Space Grey (2017 Model) (#223793534018)
207,Thank you!!  Item like described.  Great Seller! ,US $239.98,null,"Brand New Apple iPad 5th Gen. 32GB, Wi-Fi, 9.7in - Gold (#274146207819)"
208,Great value and as advertised,US $249.96,null,Brand New Apple iPad 32GB - Space Grey (2017 Model) (#223793534018)
209,Great seller.  Item was as advertised.,US $238.98,null,"Brand New Apple iPad 5th Gen. 32GB, Wi-Fi, 9.7in - Gold (#223793532311)"
210,Great seller good to have a business with you,US $239.98,null,"Brand New Apple iPad 5th Gen. 32GB, Wi-Fi, 9.7in - Gold (#274146207819)"
211,Thanks,US $324.89,null,Nintendo Switch - 32GB Gray Console - (with Gray Joy-Cons) (#223775664915)
212,Love the item!!,US $238.98,null,"Brand New Apple iPad 5th Gen. 32GB, Wi-Fi, 9.7in - Gold (#223793532311)"
213,"Excellent ebayer, would buy again. Fast Shipping!",US $318.98,null,"Apple iPad mini 4 128GB, Wi-Fi, 7.9in - Gold (#223787251107)"
214,"Fast shipping, product was as described.",US $324.98,null,Nintendo Switch - 32GB Gray Console (with Neon Red/Neon Blue Joy-Con) (#273599256653)
215,Fast shipment.  Recommended seller.,US $250.98,null,Apple iPad 32GB - Space Grey (2017 Model) (#273558185029)
216,A+++++seller. VertrauenswÃ¼rdige VerkÃ¤ufer! ,US $99.98,null,Moto Insta-Share Projector (#223750258952)
217,Quick response and fast payment. Perfect! THANKS!! ~adidas_official,null,adidas_official,null
218,Great communication. A pleasure to do business with. ~adidas_official,null,adidas_official,null
219,Thank you so much for sharing eBay with us.  PayPal Digital Gifts,null,paypal_digital_gifts,null
220,Professional company. Would recommend to anyone. Great item. ,US $329.98,null,"Apple iPad mini 4 128GB, Wi-Fi, 7.9in - Space Gray (#273581498778)"
221,Thks,US $329.98,null,Nintendo Switch - 32GB Gray Console (with Neon Red/Neon Blue Joy-Con) (#273590818098)
222,"FRAUD SELLER,CANCELLD ORDER WITHOUT INFORMING ME,NEVER SHIPPED THE ITEM,AVOID",US $329.89,null,Nintendo Switch - 32GB Gray Console - (with Gray Joy-Cons) (#273558251620)
223,"Good buyer, prompt payment, valued customer, highly recommended.",null,dirtdevil,null
224,Received an awesome new laptop! Loving it so much! Thank you!!,US $149.98,null,"Lenovo IdeaPad 110s 11.6"" (32GB, Intel Celeron N, 2.60GHz, 2GB) Laptop - White (#223224740841)"
225,"Terrible seller, NOT RECOMMENDED, BEWARE!",US $329.89,null,Nintendo Switch - 32GB Gray Console - (with Gray Joy-Cons) (#273558251620)
226,Crocs approved! Super fast payment. Prompt response. Come back soon.,null,crocsoutlet,null
227,Crocs approved! Super fast payment. Prompt response. Come back soon.,null,crocsoutlet,null
228,Great service Thanks!!!,US $34.98,null,Google Chromecast (2nd Generation) HD Media Streamer - Black (#273510110836)
229,Great Product -- Fast Shipping -- No Problems!,US $149.98,null,"Lenovo IdeaPad 110s 11.6"" (32GB, Intel Celeron N, 2.60GHz, 2GB) Laptop - White (#223206750174)"
230,"Thank you for an easy, pleasant transaction. Excellent buyer. ~adidas_official",null,adidas_official,null
231,Great communication. A pleasure to do business with. ~adidas_official,null,adidas_official,null
232,Great communication. A pleasure to do business with. ~adidas_official,null,adidas_official,null
233,Great communication. A pleasure to do business with. ~adidas_official,null,adidas_official,null
234,"Good buyer, prompt payment, valued customer, highly recommended.~adidas_official",null,adidas_official,null
235,"Good buyer, prompt payment, valued customer, highly recommended.~adidas_official",null,adidas_official,null
236,"Good buyer, prompt payment, valued customer, highly recommended.~adidas_official",null,adidas_official,null
237,Great communication. A pleasure to do business with. ~adidas_official,null,adidas_official,null
238,Great communication. A pleasure to do business with. ~adidas_official,null,adidas_official,null
239,Quick response and fast payment. Perfect! THANKS!! ~adidas_official,null,adidas_official,null
240,Quick response and fast payment. Perfect! THANKS!! ~adidas_official,null,adidas_official,null
241,Thank you so much for sharing eBay with us.  PayPal Digital Gifts,null,paypal_digital_gifts,null
242,"Thank you for an easy, pleasant transaction. Excellent buyer. ~adidas_official",null,adidas_official,null
243,"Thank you for an easy, pleasant transaction. Excellent buyer. ~adidas_official",null,adidas_official,null
244,Quick response and fast payment. Perfect! THANKS!! ~adidas_official,null,adidas_official,null
245,"Good buyer, prompt payment, valued customer, highly recommended.",null,dirtdevil,null
246,Instant payment. Excellent buyer! Thank you,null,matchqqqq,null
247,Great item and super fast shipping! Thanks! A+++,US $109.98,null,Canon PowerShot A3500 IS 16.0 MP Digital Camera - Red (#222383505289)
248,Many thanks from *GALPIN HONDA MISSION HILLS* Excellent Ebayer!!!!!!!!!,null,galpinhonda,null
249,"Had a small issue but seller took care of the problem right away, very pleased!",US $84.98,null,"Hoover TwinTank Steam Mop, WH20200 (#271817026002)"
250,Perfect!  Thank you!,US $89.98,null,Canon PowerShot A3500 IS 16.0 MP Digital Camera - Red (#222383505289)
251,"Smooth transaction, fast shipping....  A+++",US $89.98,null,Canon PowerShot A3500 IS 16.0 MP Digital Camera - Red (#222383505289)
252,"Fast Shipping, great item, Would buy again, AAAAAAAAAAAAAAAA++++++++++++++",US $89.98,null,Canon PowerShot A3500 IS 16.0 MP Digital Camera - Red (#222383505289)
253,Thanks for you understanding and cooperation.,US $89.98,null,Canon PowerShot A3500 IS 16.0 MP Digital Camera - Red (#271420068286)
254,Good buyer! Highly recommended!! +++++,null,starbellone,null
255,"Fast shipping, excellent brand new on collectors bag",US $89.98,null,Canon PowerShot A3500 IS 16.0 MP Digital Camera - Red (#271420068286)
256,"everthing works, fast delivery",US $89.98,null,Canon PowerShot A3500 IS 16.0 MP Digital Camera - Red (#271420068286)
257,Thank for your purchase and being an awesome eBay member. We love you!,null,paypal_digital_gifts,null
258,Seller was wonderful to work with. Thank you so much!!,US $89.98,null,Canon PowerShot A3500 IS 16.0 MP Digital Camera - Red (#271420068286)
259,Hope to deal with you again. Thank you.,null,cardency,null
260,Thanks so much for shopping with PayPal Digital - You are awesome !,null,paypal_digital_gifts,null
261,Very good seller!!!,US $249.98,null,Brand new Sony Cyber-shot DSC-TX20 16.2 MP Digital Camera - Pink (#271301617971)
262,Hope to deal with you again. Thank you.,null,homiegear,null
263,You are an amazing buyer and we look forward to seeing you again on eBay!,null,paypal_digital_gifts,null
264,"Thank you for an easy, pleasant transaction. Excellent buyer. A++++++.",null,healthylifesupply,null
265,"excellent buyer, quick payment",null,myherbar,null
266,Great communication. A pleasure to do business with!!!! AAAAAA++++++,null,zedona,(Private listing)
267,Hope to deal with you again. Thank you.,null,homiegear,null
268,Thank for your purchase and being an awesome eBay member. We love you!,null,paypal_digital_gifts,null
269,Great Buyer!,null,verabradley,null
270,We love you!   Thank you so much for sharing eBay with us.  PayPal Digital,null,paypal_digital_gifts,null
271,Great communication. A pleasure to do business with.,null,svmgiftcards,null
272,Love to do biz with again.,null,shamcy,null
273,Hope to deal with you again. Thank you.,null,svmgiftcards,null
274,"Thank you for an easy, pleasant transaction. Excellent buyer. A++++++.",null,lifestylebyfocus,null
275,Quick response and fast payment. Perfect! THANKS!!,null,svmgiftcards,null
276,Quick response and fast payment. Perfect! THANKS!!,null,ebags,null
277,Quick response and fast payment. Perfect! THANKS!!,null,svmgiftcards,null
278,"5ðŸŒŸBuyer! We look forward to doing business again in the future, Thank You! ðŸ˜Ž",null,robopimp,null
279,You are the best!  Thank you so much for sharing the eBay experience with us :),null,paypal_digital_gifts,null
280,"Good buyer, prompt payment, valued customer, highly recommended.~hasbro-toy-shop",null,hasbro-toy-shop,null
281,"Good buyer, prompt payment, valued customer, highly recommended.~hasbro-toy-shop",null,hasbro-toy-shop,null
282,Thanks for buying from Best Buy,null,best_buy,null
283,Quick response and fast payment. Perfect! THANKS!!,null,traxtone,null
284,Thank you for shopping at Aeropostale!  Please come again.,null,aeropostale,null
285,Thank you for shopping at Aeropostale!  Please come again.,null,aeropostale,null
286,A+A+A+A+A+,null,null,null
287,Thank you for shopping with Newegg.,null,newegg,null
288,Thanks for your order and quick payment!,null,boxunbox,null
289,SUPERFAST PAYMENT! GREAT EBAYER! HOPE TO DO BUSINESS AGAIN! A+A+A+,null,threerb,(Private listing)
290,â™¥ÓœÌµÌ¨Ì„Æ· â™¥Â¸Â¸.*Â´VALUED BUYERâ™¥WELCOME BACK 4 DISCOUNT COACH ITEMSâ™¥,null,the-merchant-of-vega$,null
291,"Great ebayer, prompt payment and instant communication, thank you!",null,rain_blood,null
292,Quick PAY! Thanks.,null,funkybusarider,null
293,Zoro Tools loves you. Three Thumbs Up!,null,zorotools,null
294,"Good buyer, prompt payment, valued customer, highly recommended.",null,best_buy,null
295,Thank you for shopping with Newegg.,null,newegg,null
296,Thank you for you business.,null,refgoods1,null
297,Happy with the purchase,null,null,null
298,Thank you for your business!,null,microsoft,null
299,"Great communication, A pleasure to do business with,",null,proximitystore,null
300,"Thank you for an easy, pleasant transaction.  Excellent buyer.",null,giftcardmall,null
301,Good seller and fast shipping will do business again,null,null,null
302,Excelent!!!!,null,null,null
303,Arrived quickly in excellent condition,null,null,null
304,Very Good Buyer !!! Thank You!!!!,null,soundvideo-bay,null
305,"the seller not shipping to P.R., but good comuniction.",null,null,null
306,"Thank you for an easy, pleasant transaction. Excellent buyer. A++++++.",null,altatac,(Private listing)
307,"Great communication, A pleasure to do business with,",null,proximitystore,null
308,Everything was perfect.,null,null,null
309,Very quick shipping!  Thank you!,null,null,null
310,It went out of stock when i bought it but inmediatly refunded my money,null,null,null
311,fast a+++,null,null,null
312,Laptop received. Thanks,null,null,null
313,"Great seller, fast shipping. Thanks",null,null,null
314,as promised,null,null,null
315,Perfect! Strongly recommended!,null,null,null
316,Good deal,null,null,null
317,Great sell! Shipped out super fast and was well packed!!! *****,null,null,null
318,The item arrived OK on time. very good seller.,null,null,null
319,PERFECT!! Arrived 2 days before expected...NICE JOB! Thanks :0),null,null,null
320,"Item as described, delivered on time, RECOMMEND to everyone! Will buy again!",null,null,null
321,Great communication. A pleasure to do business with.,null,gogreendirect,null
322,Great communication. A pleasure to do business with.,null,giftcardmall,null
323,Quick response and fast payment. Perfect! THANKS!!,null,giftcardmall,null
324,Great thanks,null,null,null
325,"great buyer, happy to deal with you.  will appreciate your + feedback.",null,mountainxiu,null
326,Works Great,null,null,null
327,"Fast shipping, great seller ",null,null,null
328,Item received in great condition. No problems. Thanks. Seller AAA+++,null,null,null
329,"Arrived very fast, new, in box. Thank you",null,null,null
330,Great seller.  Delivered sooner than expected...A+ transaction.,null,null,null
331,"item as described, fast shipping, great ebayer............Thanks...............",null,null,null
332,Pros:Incredibly fast shipping!!! Con's:He raised the price a few more dollars.,null,null,null
333,Loved the leap pad SUPER FAST DELIVERY!!!!,null,null,null
334,wonderful service - would do business with again,null,null,null
335,Very fast delivery,null,null,null
336,"Brand new quick shipment, Thanks.",null,null,null
337,good,null,null,null
338,Very fast shipping!!!! Thanks.,null,null,null
339,got here so fast! ,null,null,null
340,ordered on sunday the 12th and got it on thurs the 16th very fast & great tablet,null,null,null
341,Very fast and great price!,null,null,null
342,Great seller!,null,null,null
343,EXCELLENT!!! FAST SHIPPING AND ITEM ABOVE EXPECTATIONS!!! A++++++++,null,null,null
344,Outstanding!!! Great Pricing!!! Fast Shipping!!!,null,null,null
345,Great seller!! Great item!!,null,null,null
346,good,null,null,null
347,Fast shipment.  !!!!,null,null,null
348,great product and fast shipping,null,null,null
349,Thank You!,null,null,null
350,The item was exactly how the seller described and arrived in the estimated time.,null,null,null
351,Good transaction,null,null,null
352,my new best friend,null,null,null
353,Item shipped as promised and accurately advertised.,null,null,null
354,Great price Fast shipping,null,null,null
355,great service,null,null,null
356,"good seller, fast shipping!",null,null,null
357,"good seller, fast shipping!",null,null,null
358,"Thank you for an easy, pleasant transaction. Excellent buyer. A++++++.",null,enjoyebiz,null
359,"LIGHTNING FAST PAYMENT, GREAT CUSTOMER, HIGHLY RECCOMENDED, PLEASUE AAA++++",null,rsundby37,null
360,"Fast shipping, just as described A++++++",null,null,null
361,Perfect,null,null,null
362,Excellent Transaction - Great Communication - Fast Shipping - Highly Recommend,null,null,null
363,"good seller, shipped on time",null,null,null
364,thank you quick shipping!,null,null,null
365,"Thank you for an easy, pleasant transaction. Excellent buyer. A++++++.",null,barnesandnobleinc,null
366,Great communication. A pleasure to do business with.,null,sunmall88,null
367,"great price, fast delivery, but wrong item (had to return)",null,null,null
368,A+,null,null,null
369,A+,null,null,null
370,Great seller! will buy from again in the future!,null,null,null
371,very fast shipping A+++,null,null,null
372,excellent service and delivered on time,null,null,null
373,"thank you, love it, hope we can do buisness again soon",null,null,null
374,awesome transaction,null,null,null
375,Great buy! Fast shipping! Thanks!,null,null,null
376,A+++ Received within 6 days of payment. Highly recommend this seller!,null,null,null
377,as described,null,null,null
378,Good Deal Thanks. 5*,null,null,null
379,Quick response and fast payment. Perfect! THANKS!!,null,hootoodeals,(Private listing)
380,Product great!  Timely service,null,null,null
381,Fast payment....great transaction...thanks!,null,ladydi7147,null
382,Thank You For Shopping Cargolargo!!  We Appreciate Your Business!!,null,cargolargo,null
383,Super fast shipping...love the boots! Thanks!,null,null,null
384,Awesome transaction. Great eBayer. Thanksâ€¦â€¦..,null,visualstudio97,null
385,A++++++++++++++++++,null,null,null
386,"excellent transaction, quick ship - would do business again",null,null,null
387,received as promised,null,null,null
388,Thank you,null,null,null
389,Super!,null,null,null
390,Excellent Seller!!!!!!! Super fast shipping!!!!!! Highly recommend!!!!!,null,null,null
391,"Very good deal, fast shipping.",null,null,null
392,Great seller.  Price was awesome so I didn't mind paying so much for shipping :),null,null,null
393,I am impressed with accuracy of the description and the care taken in shipping.,null,null,null
394,Very fast payment.  Highly recommended.  A+++++,null,jagrfannj,null
395,Very fast payment.  Highly recommended.  A+++++,null,jagrfannj,null
396,Very fast payment.  Highly recommended.  A+++++,null,jagrfannj,null
397,Very fast payment.  Highly recommended.  A+++++,null,jagrfannj,null
398,Very fast payment.  Highly recommended.  A+++++,null,jagrfannj,null
399,Very fast payment.  Highly recommended.  A+++++,null,jagrfannj,null
400,Very fast shipping! Exactly what we wanted...,null,null,null
401,"Fast shipment, very satisfied.",null,null,null
402,"Thanks, good and nice boots thanks again",null,null,null
403,"Great deal, good transaction!",null,null,null
404,great service,null,null,null
405,perfect,null,null,null
406,"great price, fast ship, great product and service",null,null,null
407,"Fast shipping, great quality item.  Very satisfied.",null,null,null
408,super fast payment. thanks much,null,rissa522,null
409,Fast shipping! Very pleased with the transaction!A++++,null,null,null
410,"Very fast Shipping ( 1 week USA-Canada), item in great condition thanks !",null,null,null
411,Excellent Seller,null,null,null
412,Bon vendeur! merci,null,null,null
413,"Awesome Seller, Super Quick Shipping, AAA+...!",null,null,null
414,Excelent service!!  thanks,null,null,null
415,This is a buyer beware seller. I had to warranty the drive through seagate.,null,null,null
416,null,null,null,null
417,"Great seller, Fast shipping, A+++",null,null,null
418,Very quick shipping.  Exactly as described.  Very pleased. Would buy again.,null,null,null
419,Great eBayer. Welcome back to our store for more of our products!,null,importhome_llc,null
420,Great seller! Item exactly as described and quick shipment. Thank you.,null,null,null
421,Thanks!!!!,null,null,null
422,A++++++++++++++++++++++++++++++++++++++++++,null,null,null
423,"Perfect, fast ship, thanks",null,null,null
424,Watch was just as described.  Super fast shipping and great price.  Thanks!!!,null,null,null
425,Fats Shipping!! Great Product!!,null,null,null
426,Loved it,null,null,null
427,thanks. the watch is Very beautiful .,null,null,null
428,Nice doing business with you,null,null,null
429,recieved item fast and great product thank you,null,null,null
430,GREAT SELLER perfect items fast shipper wondeful THANKS a lot FAST EMAILS a+a+a+,null,null,null
431,Would buy here again,null,null,null
432,null,null,null,null
433,"VERY FAST SHIPPING, THANKS",null,null,null
434,null,null,null,null
435,Great shoe. Wears well. excellent transaction..will buy again,null,null,null
436,null,null,null,null
437,"GREAT PRICE, GREAT PRODUCT,  FAST SHIPPING",null,null,null
438,null,null,null,null
439,"awsome shoes i love them also an awsome,honest seller.",null,null,null
440,null,null,null,null
441,very fastly!!!!,null,null,null
442,null,null,null,null
443,FANTASTIC!!! I even screwed up my order and littlekitty0103 fixed it for me..A++,null,null,null
444,A,null,null,null
445,Great Buyer +++++++++++++++,null,nildadavis66,null
446,Arrived within a couple of days,null,null,null
447,Nice,null,null,null
448,"great tiem fast ship thanks WII with games, great email",null,null,null
449,~tyvm~ very nice~Have a nice day!~,null,null,null
450,Great watch with even better service,null,null,null
451,easy to work with. A++++++++++++,null,null,null
452,QUICK QUICK QUICK  My kids loved their christmas present.  Thanks!!!!!,null,null,null
453,Great Seller! Great Item!!! Highly Recommended!!!!! A+++,null,null,null
454,"A+++++++++, GREAT PRODUCT, GREAT SERVICE, A++++++++++++++++++",null,null,null
455,VERY VERY VERY COOL WATCH***EVEN BETTER IN PERSON**VERY FAST & ADEQUATE SHIPPING,null,null,null
456,Great,null,null,null
457,"Great deal, great seller!",null,null,null
458,"Thanks!!! Have A Very Satisfied Kid, Very Happy For Her Gift.",null,null,null
459,Quick shipping A+,null,null,null
460,"Quick Ship, Great Seller",null,null,null
461,great,null,null,null
462,good transaction and quick shipping,null,null,null
463,Thank you much was shipped very fast.,null,null,null
464,Thank you and happy holidays..,null,null,null
465,great game  fast shipper thanks,null,null,null
466,"Great seller, received with good timing",null,null,null
467,Transaction was very smooth.  Very pleased.,null,null,null
468,Received item promptly and was as described.  Thanks!,null,null,null
469,WOW!!! lightning fast shipping and in perfect condition. Thanks!!!,null,null,null
470,I received everything that I bought and in a timely fashion,null,null,null
471,"Item as pictured and described, fast shipping, easy transaction.  Thank you!!!!",null,null,null
472,free shipping,null,null,null
473,great seller and quick delivery,null,null,null
474,Super Fast Shipping!! Excellent to work with!! A+++++,null,null,null
475,"Awesome seller, great product, Thank you!",null,null,null
476,AAA  thanks,null,null,null
477,great....thanks!,null,null,null
478,good transaction,null,null,null
479,this was in all a REALLY great transaction! HIGHLY RECOMMENDED,null,null,null
480,"seller offered choice of BONUS item in listing, but then did not want to give it",null,null,null
481,SUPER EASY SUPER FAST... THANK YOU SO MUCH!!!,null,null,null
482,fast shipping hope it is good it is for christmas. thanks alot,null,null,null
483,Fast delivery.  Hopeful everything is o.k. but won't know until Christmas. lol,null,null,null
484,Just as advertised.  Excellent value.  Many thanks.,null,null,null
485,Fast Shipping!!! Product exactly as advertised.,null,null,null
486,shoes came when promised,null,null,null
487,Great Transaction....quick shipment!  Nice to work with!,null,null,null
488,"haven't checked out item, good communication, as described,fast shipping.",null,null,null
489,This was a great transaction thanks,null,null,null
490,Great transaction I had the product within 2 days,null,null,null
491,Super fast shipping.  This transaction was perfect from beginning to end.,null,null,null
492,Great communication. Quick ship as promised.,null,null,null
493,"Good transaction, wish there was a bit more post sale communication re shipping",null,null,null
494,seller is very nice to work with,null,null,null
495,great sevice,null,null,null
496,Easy transaction!  Fast delivery!,null,null,null
497,seller had description of additional control and numchuk which did not receive,null,null,null
498,quick shipper A++++,null,null,null
499,very fast & as promised,null,null,null
500,"Item exactly as described...thank you, thank you, A+++",null,null,null
501,EXCELLENT SELLER!! EXTREMELY FAST SHIPPER! EXTREMELY SATISFIED,null,null,null
502,"very quick shipment, item arrived well packed and perect condition as advertised",null,null,null
503,"Great to deal with quick, accurate and easy.",null,null,null
504,great shipping VERY GOOD  A/,null,null,null
505,Item shipped quickly.  Great ebay seller!,null,null,null
506,"Great seller, Fast Shipping A+++++++++++++++",null,null,null
507,great shape fast shipping,null,null,null
508,"great seller.  Item shipped super fast, arrived just as promised.",null,null,null
509,In Time for under the x-mas tree...Thanks!,null,null,null
510,"Quick shipment, item as described",null,null,null
511,"Wow, extra fast shipping, received item 2 days after ordering, A+++++++++ seller",null,null,null
512,prompt delivery by seller,null,null,null
513,"Thank You, very smooth transaction! Very quick delivery!!",null,null,null
514,great,null,null,null
515,perfect thanks,null,null,null
516,It was fast Del.,null,null,null
517,came brand new COOL BEANS!!! thank for the great job,null,null,null
518,FAST DELIVERY,null,null,null
519,Received very quickly!,null,null,null
520,"Uber fast delivery, A+ transaction, highly recommend!!!",null,null,null
521,"SUPER FAST shipping, great product",null,null,null
522,just as described thanks so much!!!,null,null,null
523,Very responsive seller.  Great transaction. Would buy from again.  A+++++,null,null,null
524,wording of ad was alittle misleading.,null,null,null
525,Confusing wording on free items,null,null,null
526,excellent   e-bayer  AAAAAA+++++++,null,null,null
527,product and shipping as advertised,null,null,null
528,"Quick delivery, quality product",null,null,null
529,"nice sneakers, thanks",null,null,null
530,"Great WII bundle,fast shippment, I will buy from littlekitty again,",null,null,null
531,delivery excellent,null,null,null
532,"His original listing was a bit difficult to inderstand, but we resolved it.",null,null,null
533,quick transaction,null,null,null
534,Wonderful seller. Highly recommended. Would do business with again.  A+++,null,null,null
535,Fast shipping!,null,null,null
536,EVERYTHING WAS GREAT WOULD BUY AGAIN FRON THIS SELLER,null,null,null
537,thank you,null,null,null
538,Exactly as explained and shipped FAST!!! will buy again from this seller!,null,null,null
539,nice,null,null,null
540,Got exactly what I ordered!  Very Fast Shipping!,null,null,null
541,good transaction,null,null,null
542,very good transaction,null,null,null
543,***,null,null,null
544,Thanks for a great X-mas gift!!!,null,null,null
545,"cool, thanks",null,null,null
546,recived promptly and also special wraped so that my kids would not know. Thanks,null,null,null
547,very good on your shipping i was happy,null,null,null
548,"great communication, speedy shipping, exactly as decsribed, THANKS!!!",null,null,null
549,"Quick delivery ,  Thanks",null,null,null
550,Can't wait to give it for X-mas!!!!!  A+++++,null,null,null
551,Great.,null,null,null
552,Items received as described. Thanks AAA+++,null,null,null
553,"nice product, good communication, fast shipping. much thanks",null,null,null
554,Perfect Transaction and product.  Thank you.,null,null,null
555,quick shipping,null,null,null
556,Great Ebay Seller      Thanks,null,null,null
557,Excellent service demonstrated by providing prompt delivery of my merchandise.,null,null,null
558,awsome seller.............. fast shipping,null,null,null
559,Just as described...quick delivery,null,null,null
560,Great gaming system...Thanks for everything...fast shipping,null,null,null
561,Fast.  Would do business again!,null,null,null
562,THANK YOU THANK!!!!!!!!!!!!!! WORK WITH ME FOR SHIPPING!!!! great ebayer,null,null,null
563,Can't wait to use our Wii Fit!,null,null,null
564,"Fast shipping, smooth transaction. Thanks.",null,null,null
565,Wii Fit arrived as described.  Fast Shipping with email notification & tracking.,null,null,null
566,very fast shipping and received product just as described. great to buy from A++,null,null,null
567,Excellent - just as described.  Shpped very promptly. Perfect transaction - THXS,null,null,null
568,"Great Product, Very Fast Shipping. Thank you. A+++++",null,null,null
569,"Easy transaction, smooth and quick!!!",null,null,null
570,fast shipping good product thanks,null,null,null
571,Great Item. Great Ebayer!,null,null,null
572,Thank You so much for great fast service!!!! Amazing Ebay Seller!!!!!,null,null,null
573,Great Transaction and Fast Shipping-- Thanks!!!!!,null,null,null
574,Good transaction. Arrived in a timely manner and as described.,null,null,null
575,"great experience, fast shipper",null,null,null
576,"Great seller fast delivery, great communication",null,null,null
577,"Great item, speedy delivery, I would buy from again!! A+++ ebayer!",null,null,null
578,excellent running shoes,null,null,null
579,Great Communication and FAST SHIPPING! Highly Recommended.! Thanks,null,null,null
580,good seller A+++++,null,null,null
581,Very easy to work with,null,null,null
582,Accurate Listing and Fast Shipping! Recommended!!,null,null,null
583,Great communication.,null,null,null
584,Received items very quickly - just as described!  Thank you!  AA++++ Seller,null,null,null
585,Item as expected. Thanks !!!,null,null,null
586,"Fast shipping, Great seller!",null,null,null
587,fantastic seller! thank you!,null,null,null
588,Super Fast Shipping - FREE - A +++++  E'Bay'er,null,null,null
589,Very fast shipping good communication,null,null,null
590,super fast shipping,null,null,null
591,fast shipping A+++++,null,null,null
592,"prompt delivery, same as described",null,null,null
593,"Quick delivery, Thank You...A+",null,null,null
594,Very nice looking shoes.lightning fast shipping.THANKS!!!!!!!!!!!!!!!!!!!!!!!!!!,null,null,null
595,wii listed by seller to have 2 controllers & nunchuks but had only 1 of each,null,null,null
596,A+++++ Great eBayer A+++++,null,null,null
597,Just as explained,null,null,null
598,Great transaction.  Wii arrived in perfect condition and super fast shipping. A+,null,null,null
599,Fast shipper and good communicator - Thanks!,null,null,null
600,"Great product, fast shipping, excellent transaction!!!!!",null,null,null
601,thank you!,null,null,null
602,Arrived very quickly.,null,null,null
603,"fast shipping, thanx",null,null,null
604,great!,null,null,null
605,"Excellent. Quick free shipping, product exactly as described, good communication",null,null,null
606,Amazingly fast service! Thanks so much!,null,null,null
607,Very fast shipping! Exactly what we wanted...,null,null,null
608,"Fast shipment, very satisfied.",null,null,null
609,"Thanks, good and nice boots thanks again",null,null,null
610,"Great deal, good transaction!",null,null,null
611,great service,null,null,null
612,perfect,null,null,null
613,"great price, fast ship, great product and service",null,null,null
614,"Fast shipping, great quality item.  Very satisfied.",null,null,null
615,super fast payment. thanks much,null,rissa522,null
616,Fast shipping! Very pleased with the transaction!A++++,null,null,null
617,"Very fast Shipping ( 1 week USA-Canada), item in great condition thanks !",null,null,null
618,Excellent Seller,null,null,null
619,Bon vendeur! merci,null,null,null
620,"Awesome Seller, Super Quick Shipping, AAA+...!",null,null,null
621,Excelent service!!  thanks,null,null,null
622,This is a buyer beware seller. I had to warranty the drive through seagate.,null,null,null
623,null,null,null,null
624,"Great seller, Fast shipping, A+++",null,null,null
625,Very quick shipping.  Exactly as described.  Very pleased. Would buy again.,null,null,null
626,Great eBayer. Welcome back to our store for more of our products!,null,importhome_llc,null
627,Great seller! Item exactly as described and quick shipment. Thank you.,null,null,null
628,Thanks!!!!,null,null,null
629,A++++++++++++++++++++++++++++++++++++++++++,null,null,null
630,"Perfect, fast ship, thanks",null,null,null
631,Watch was just as described.  Super fast shipping and great price.  Thanks!!!,null,null,null
632,Fats Shipping!! Great Product!!,null,null,null
633,Loved it,null,null,null
634,thanks. the watch is Very beautiful .,null,null,null
635,Nice doing business with you,null,null,null
636,recieved item fast and great product thank you,null,null,null
637,GREAT SELLER perfect items fast shipper wondeful THANKS a lot FAST EMAILS a+a+a+,null,null,null
638,Would buy here again,null,null,null
639,null,null,null,null
640,"VERY FAST SHIPPING, THANKS",null,null,null
641,null,null,null,null
642,Great shoe. Wears well. excellent transaction..will buy again,null,null,null
643,null,null,null,null
644,"GREAT PRICE, GREAT PRODUCT,  FAST SHIPPING",null,null,null
645,null,null,null,null
646,"awsome shoes i love them also an awsome,honest seller.",null,null,null
647,null,null,null,null
648,very fastly!!!!,null,null,null
649,null,null,null,null
650,FANTASTIC!!! I even screwed up my order and littlekitty0103 fixed it for me..A++,null,null,null
651,A,null,null,null
652,Great Buyer +++++++++++++++,null,nildadavis66,null
653,Arrived within a couple of days,null,null,null
654,Nice,null,null,null
655,"great tiem fast ship thanks WII with games, great email",null,null,null
656,~tyvm~ very nice~Have a nice day!~,null,null,null
657,Great watch with even better service,null,null,null
658,easy to work with. A++++++++++++,null,null,null
659,QUICK QUICK QUICK  My kids loved their christmas present.  Thanks!!!!!,null,null,null
660,Great Seller! Great Item!!! Highly Recommended!!!!! A+++,null,null,null
661,"A+++++++++, GREAT PRODUCT, GREAT SERVICE, A++++++++++++++++++",null,null,null
662,VERY VERY VERY COOL WATCH***EVEN BETTER IN PERSON**VERY FAST & ADEQUATE SHIPPING,null,null,null
663,Great,null,null,null
664,"Great deal, great seller!",null,null,null
665,"Thanks!!! Have A Very Satisfied Kid, Very Happy For Her Gift.",null,null,null
666,Quick shipping A+,null,null,null
667,"Quick Ship, Great Seller",null,null,null
668,great,null,null,null
669,good transaction and quick shipping,null,null,null
670,Thank you much was shipped very fast.,null,null,null
671,Thank you and happy holidays..,null,null,null
672,great game  fast shipper thanks,null,null,null
673,"Great seller, received with good timing",null,null,null
674,Transaction was very smooth.  Very pleased.,null,null,null
675,Received item promptly and was as described.  Thanks!,null,null,null
676,WOW!!! lightning fast shipping and in perfect condition. Thanks!!!,null,null,null
677,I received everything that I bought and in a timely fashion,null,null,null
678,"Item as pictured and described, fast shipping, easy transaction.  Thank you!!!!",null,null,null
679,free shipping,null,null,null
680,great seller and quick delivery,null,null,null
681,Super Fast Shipping!! Excellent to work with!! A+++++,null,null,null
682,"Awesome seller, great product, Thank you!",null,null,null
683,AAA  thanks,null,null,null
684,great....thanks!,null,null,null
685,good transaction,null,null,null
686,this was in all a REALLY great transaction! HIGHLY RECOMMENDED,null,null,null
687,"seller offered choice of BONUS item in listing, but then did not want to give it",null,null,null
688,SUPER EASY SUPER FAST... THANK YOU SO MUCH!!!,null,null,null
689,fast shipping hope it is good it is for christmas. thanks alot,null,null,null
690,Fast delivery.  Hopeful everything is o.k. but won't know until Christmas. lol,null,null,null
691,Just as advertised.  Excellent value.  Many thanks.,null,null,null
692,Fast Shipping!!! Product exactly as advertised.,null,null,null
693,shoes came when promised,null,null,null
694,Great Transaction....quick shipment!  Nice to work with!,null,null,null
695,"haven't checked out item, good communication, as described,fast shipping.",null,null,null
696,This was a great transaction thanks,null,null,null
697,Great transaction I had the product within 2 days,null,null,null
698,Super fast shipping.  This transaction was perfect from beginning to end.,null,null,null
699,Great communication. Quick ship as promised.,null,null,null
700,"Good transaction, wish there was a bit more post sale communication re shipping",null,null,null
701,seller is very nice to work with,null,null,null
702,great sevice,null,null,null
703,Easy transaction!  Fast delivery!,null,null,null
704,seller had description of additional control and numchuk which did not receive,null,null,null
705,quick shipper A++++,null,null,null
706,very fast & as promised,null,null,null
707,"Item exactly as described...thank you, thank you, A+++",null,null,null
708,EXCELLENT SELLER!! EXTREMELY FAST SHIPPER! EXTREMELY SATISFIED,null,null,null
709,"very quick shipment, item arrived well packed and perect condition as advertised",null,null,null
710,"Great to deal with quick, accurate and easy.",null,null,null
711,great shipping VERY GOOD  A/,null,null,null
712,Item shipped quickly.  Great ebay seller!,null,null,null
713,"Great seller, Fast Shipping A+++++++++++++++",null,null,null
714,great shape fast shipping,null,null,null
715,"great seller.  Item shipped super fast, arrived just as promised.",null,null,null
716,In Time for under the x-mas tree...Thanks!,null,null,null
717,"Quick shipment, item as described",null,null,null
718,"Wow, extra fast shipping, received item 2 days after ordering, A+++++++++ seller",null,null,null
719,prompt delivery by seller,null,null,null
720,"Thank You, very smooth transaction! Very quick delivery!!",null,null,null
721,great,null,null,null
722,perfect thanks,null,null,null
723,It was fast Del.,null,null,null
724,came brand new COOL BEANS!!! thank for the great job,null,null,null
725,FAST DELIVERY,null,null,null
726,Received very quickly!,null,null,null
727,"Uber fast delivery, A+ transaction, highly recommend!!!",null,null,null
728,"SUPER FAST shipping, great product",null,null,null
729,just as described thanks so much!!!,null,null,null
730,Very responsive seller.  Great transaction. Would buy from again.  A+++++,null,null,null
731,wording of ad was alittle misleading.,null,null,null
732,Confusing wording on free items,null,null,null
733,excellent   e-bayer  AAAAAA+++++++,null,null,null
734,product and shipping as advertised,null,null,null
735,"Quick delivery, quality product",null,null,null
736,"nice sneakers, thanks",null,null,null
737,"Great WII bundle,fast shippment, I will buy from littlekitty again,",null,null,null
738,delivery excellent,null,null,null
739,"His original listing was a bit difficult to inderstand, but we resolved it.",null,null,null
740,quick transaction,null,null,null
741,Wonderful seller. Highly recommended. Would do business with again.  A+++,null,null,null
742,Fast shipping!,null,null,null
743,EVERYTHING WAS GREAT WOULD BUY AGAIN FRON THIS SELLER,null,null,null
744,thank you,null,null,null
745,Exactly as explained and shipped FAST!!! will buy again from this seller!,null,null,null
746,nice,null,null,null
747,Got exactly what I ordered!  Very Fast Shipping!,null,null,null
748,good transaction,null,null,null
749,very good transaction,null,null,null
750,***,null,null,null
751,Thanks for a great X-mas gift!!!,null,null,null
752,"cool, thanks",null,null,null
753,recived promptly and also special wraped so that my kids would not know. Thanks,null,null,null
754,very good on your shipping i was happy,null,null,null
755,"great communication, speedy shipping, exactly as decsribed, THANKS!!!",null,null,null
756,"Quick delivery ,  Thanks",null,null,null
757,Can't wait to give it for X-mas!!!!!  A+++++,null,null,null
758,Great.,null,null,null
759,Items received as described. Thanks AAA+++,null,null,null
760,"nice product, good communication, fast shipping. much thanks",null,null,null
761,Perfect Transaction and product.  Thank you.,null,null,null
762,quick shipping,null,null,null
763,Great Ebay Seller      Thanks,null,null,null
764,Excellent service demonstrated by providing prompt delivery of my merchandise.,null,null,null
765,awsome seller.............. fast shipping,null,null,null
766,Just as described...quick delivery,null,null,null
767,Great gaming system...Thanks for everything...fast shipping,null,null,null
768,Fast.  Would do business again!,null,null,null
769,THANK YOU THANK!!!!!!!!!!!!!! WORK WITH ME FOR SHIPPING!!!! great ebayer,null,null,null
770,Can't wait to use our Wii Fit!,null,null,null
771,"Fast shipping, smooth transaction. Thanks.",null,null,null
772,Wii Fit arrived as described.  Fast Shipping with email notification & tracking.,null,null,null
773,very fast shipping and received product just as described. great to buy from A++,null,null,null
774,Excellent - just as described.  Shpped very promptly. Perfect transaction - THXS,null,null,null
775,"Great Product, Very Fast Shipping. Thank you. A+++++",null,null,null
776,"Easy transaction, smooth and quick!!!",null,null,null
777,fast shipping good product thanks,null,null,null
778,Great Item. Great Ebayer!,null,null,null
779,Thank You so much for great fast service!!!! Amazing Ebay Seller!!!!!,null,null,null
780,Great Transaction and Fast Shipping-- Thanks!!!!!,null,null,null
781,Good transaction. Arrived in a timely manner and as described.,null,null,null
782,"great experience, fast shipper",null,null,null
783,"Great seller fast delivery, great communication",null,null,null
784,"Great item, speedy delivery, I would buy from again!! A+++ ebayer!",null,null,null
785,excellent running shoes,null,null,null
786,Great Communication and FAST SHIPPING! Highly Recommended.! Thanks,null,null,null
787,good seller A+++++,null,null,null
788,Very easy to work with,null,null,null
789,Accurate Listing and Fast Shipping! Recommended!!,null,null,null
790,Great communication.,null,null,null
791,Received items very quickly - just as described!  Thank you!  AA++++ Seller,null,null,null
792,Item as expected. Thanks !!!,null,null,null
793,"Fast shipping, Great seller!",null,null,null
794,fantastic seller! thank you!,null,null,null
795,Super Fast Shipping - FREE - A +++++  E'Bay'er,null,null,null
796,Very fast shipping good communication,null,null,null
797,super fast shipping,null,null,null
798,fast shipping A+++++,null,null,null
799,"prompt delivery, same as described",null,null,null
800,"Quick delivery, Thank You...A+",null,null,null
801,Very nice looking shoes.lightning fast shipping.THANKS!!!!!!!!!!!!!!!!!!!!!!!!!!,null,null,null
802,wii listed by seller to have 2 controllers & nunchuks but had only 1 of each,null,null,null
803,A+++++ Great eBayer A+++++,null,null,null
804,Just as explained,null,null,null
805,Great transaction.  Wii arrived in perfect condition and super fast shipping. A+,null,null,null
806,Fast shipper and good communicator - Thanks!,null,null,null
807,"Great product, fast shipping, excellent transaction!!!!!",null,null,null
808,thank you!,null,null,null
809,Arrived very quickly.,null,null,null
810,"fast shipping, thanx",null,null,null
811,great!,null,null,null
812,"Excellent. Quick free shipping, product exactly as described, good communication",null,null,null
813,Amazingly fast service! Thanks so much!,null,null,null
814,"Excellent seller, item as described + fast shipment.  Very Reliable.  A++",null,null,null
815,Thank you,null,null,null
816,Fastest shipping ever! A+++ Seller!!,null,null,null
817,"Item as described, fast shipment, great ebayer!!!",null,null,null
818,I felt the description was somewhat misleading.,null,null,null
819,quick shipment and excellant product,null,null,null
820,"JUST AMAZING, FASTEST SHIPPING EVER>>>THIS WAS PERFECT!!! THANK ...THANK YOU!!!!",null,null,null
821,"Great communication, quick transaction.  Awesome eBayer!!!!!!!  Thank you!!!!!!!",null,null,null
822,Fast delivery of Wii console - prompt attention to completing sale - Thanks!,null,null,null
823,FAST SHIPPMENT  A+++,null,null,null
824,Smooth transaction. Speedy delivery. AA++,null,null,null
825,"Nice doing business with you, speedy delivery.  Thanks",null,null,null
826,SUPER FAST DELIVERY! TOP SHELF!!!! WILL do business again. =],null,null,null
827,Fast shipping-THANKS.,null,null,null
828,"fast delivery, smooth transaction, thanks!",null,null,null
829,fast shipping exactly what i ordered,null,null,null
830,"Great product, just as described, quick shipping and excellent communication!!",null,null,null
831,Great Transaction and Follow-up,null,null,null
832,"Excellent to deal with, Shipped product same day, responded quickly to questions",null,null,null
833,Everything went as promised. Better than waiting on line at Toy's R Us!,null,null,null
834,"Great price, product, and Fast shipping.",null,null,null
835,"Fast shipping, great product. Thanks!",null,null,null
836,Quick Shipment. Product was as advertised. Easy Transaction.,null,null,null
837,very quick transaction,null,null,null
838,Super quick shipment!!!!!!  Thank you!!!!!,null,null,null
839,"Very nice to deal with,  Shipping was very quick.  Item came very well packaged.",null,null,null
840,A PLUS  The seller made my very first ebay shopping experience great!,null,null,null
841,good deal!  Great item,null,null,null
842,Fast Shipment.,null,null,null
843,great seller,null,null,null
844,ok,null,null,null
845,came as advertised and appears all fine also timely,null,null,null
846,great seller,null,null,null
847,"Great product, great process, great service!!",null,null,null
848,Item just as described.  Super fast shipping.  A++++++++,null,null,null
849,A+,null,null,null
850,+++++Very good ebayer.  Item as described,null,null,null
851,Fantastic Seller!!!!,null,null,null
852,great ebayer thanks!!!!,null,null,null
853,"As advertised,smooth transaction",null,null,null
854,ordered on Dec. 4th - received Dec.7th. Easy transaction. Super fast delivery!!!,null,null,null
855,"Great to deal with .sipped quick, answered all ? excellent.",null,null,null
856,Quick ship.  No hassles  Exactly as described,null,null,null
857,Great seller; I had a few questions and they were all timely answered.,null,null,null
858,"Excellent product, shipping and speed++++++++++++++++++",null,null,null
859,All is well,null,null,null
860,VERY QUICK SHIPMENT. THANKS,null,null,null
861,Excellent Computer --- Excellent Ebayer,null,null,null
862,Excellent Computer --- Thank You --- Great Ebayer,null,null,null
863,Fast! Thanks for the transaction!,null,null,null
864,"GREAT SELLER, EXACTLY AS DESCRIBED!",null,null,null
865,A+++ & Fast!,null,null,null
866,"item as described,smooth transaction",null,null,null
867,Great seller fast shipment,null,null,null
868,"quick shipping , a+ thank you",null,null,null
869,Accurate Description,null,null,null
870,Great! Thanks.,null,null,null
871,Very good experience,null,null,null
872,Excellent service. Thanks,null,null,null
873,Great service.  You've made someone very happy this Christmas.  Thanks,null,null,null
874,Very pleased. You can trust these people. Merry Christmas.,null,null,null
875,Hope to deal with you again. Thank you.  An asset to the ebay community.,null,justpoundsandounces,null
876,Quick and easy transaction,null,null,null
877,Excellent Service!!,null,null,null
878,great items!!!!,null,null,null
879,quick shipment,null,null,null
880,"Great Buyer, Fast Payment, Highly Recommended!!! A++++",null,eat-n-play,null
881,"A+++! great seller! item exactly as described and swift,secure shipment,Thanks",null,null,null
882,a+++  service and shipping!  Thanks,null,null,null
883,Great customer service.  Thank you,null,null,null
884,Product received super fast!  Seller was very cooperative & communicative.,null,null,null
885,Great sellar.,null,null,null
886,"In special message I asked to have shipped to my work, but they shipped home",null,null,null
887,Fast transaction and shipping.  Thanks!,null,null,null
888,good seller^^,null,null,null
889,thanks,null,null,null
890,"FABULOUS SELLER/great product,good price,immediate ship,unparalleled service!",null,null,null
891,Great will make a few kids happy,null,null,null
892,Great,null,null,null
893,"Very fast shipping!! Very happy, would buy from again! Thanks!!",null,null,null
894,Fast ship! Thanks! Quick to answer questions too.,null,null,null
895,Super fast shipping.  Great Transaction!!,null,null,null
896,not sellers fault fed ex horrible service   GREAT ITEM!!!!!!,null,null,null
897,Great product.  Fast delivery.,null,null,null
898,great service,null,null,null
899,Very prompt shipping!  Thanks so much! Great seller.,null,null,null
900,Just as described.  Would do business again.,null,null,null
901,Everything was sent on time and packaged great,null,null,null
902,very good,null,null,null
903,Very quick shipment!!  Everything was packaged neatly.,null,null,null
904,Received item quicker than other sellers.  This seller is on the ball for sure!!,null,null,null
905,Fast shipment! A++ Product arrived exactly as advertised!,null,null,null
906,"Absolutely amazing seller, received my item lightning fast. Thanks so much!!!",null,null,null
907,"Very fast shipment, Christmas present, games in unit very easy to wrap.",null,null,null
908,fast shipping  smooth tranaction thanks,null,null,null
909,Okay to deal with; fast shipper; will do business again in the future!,null,null,null
910,fast shipping.  good communicator  The wii is great  thanks,null,null,null
911,We received the Wii in a few days and the reansaction was a breeze! Awsome!,null,null,null
912,AWESOME QUICK SHIPMENT-THANKS,null,null,null
913,great item perfect seller A++++++++,null,null,null
914,fast shipping thanks,null,null,null
915,Received Wii quickly and intact.,null,null,null
916,"Super quick shipping, even wrapped to hide contents - thank you so much!",null,null,null
917,Basically as advertised and arrived in 5 days,null,null,null
918,"Received items in good time but had a question,Why no store copy receipt?",null,null,null
919,fast shipping and answered questions quickly would do business again,null,null,null
920,Very nice. as described and lightning fast shipping! Great ebayer.,null,null,null
921,Very speedy shipping with excellent communication!!! Item as promised.,null,null,null
922,** fast shipping great ebayer--Thank you,null,null,null
923,SHIPPED AS PROMISED..THANKS !,null,null,null
924,great ebayer,null,null,null
925,"Excellent seller A++++, Very quick shipping",null,null,null
926,"Extremely fast shipping, smooth transaction",null,null,null
927,"Great seller, fast shiping A++++",null,null,null
928,Perfect.  Thanks again.,null,null,null
929,"Fast shipping, well-packaged.  Good Communication.  Thanks!",null,null,null
930,Super fast delivery!  Thanks!,null,null,null
931,Thanks for your purchase... awesome e-bayer!,null,cdtek,(Private listing)
932,Great product.  Fast shipping.  AAAA++++++,null,null,null
933,"I paid in tha AM, had a tracking# by the PM, OUTSTANDING, AAAAA",null,null,null
934,The laptop came in time that was said and in the shape that we explained. A++,null,null,null
935,Awesome! Quick Delivery.,null,null,null
936,Great Transaction-Thanks!,null,null,null
937,Thanks for your patience!  Fast Shipping!  Looks great!,null,null,null
938,Just as promised!  Wonderful seller to deal with!  The best!  THANKS!!!,null,null,null
939,Excellent Item.,null,null,null
940,Great Communication. Item arrived quickly. Great Seller,null,null,null
941,"Fast Shipping, Great to deal with!!",null,null,null
942,Quick Shipping. Great Ebayer! Recommended!,null,null,null
943,very good ebayer !,null,null,null
944,"great transaction.  shipping costs seem high but oh well, got what i wanted",null,null,null
945,asset to ebay speedy delivery,null,null,null
946,"great ebayer fast delivery, Thanks",null,null,null
947,"Very fast shipping, the same product listed. Everything perfect!!!",null,null,null
948,Perfect Transaction!! Exactly as described Plus FAST ship!! Thanks! Recommended!,null,null,null
949,"GREAT PRICED ITEM, FAST SHIPMENT",null,null,null
950,Very fast delivery!  Very satisfied with the product I received!,null,null,null
951,"Great price, fast shipping. AAAAAAA+++++ eBay seller!",null,null,null
952,Item as described.  Fast shipping. 5 stars,null,null,null
953,"Nice to deal with A++ , Thanks",null,null,null
954,Wow! Smooth transaction and superfast shipment! Great ebayer!,null,null,null
955,Good ebay guy,null,null,null
956,"great item. shipped fast, thanks!",null,null,null
957,arrived on time and as described,null,null,null
958,"Top marks across the board, replied quickly to all my e-mails...solid seller.",null,null,null
959,Excellent Transaction Quick and Smooth!! Thanks A++++,null,null,null
960,Great communication and fast delivery!  Thanks!,null,null,null
961,Item exactly as advertised.  Quick shipping. Reliable seller.  Thanks!,null,null,null
962,Great no problems...I recommend seller,null,null,null
963,"A+ Great Service, Promp Reply to Questions.",null,null,null
964,"delivery was amazingly fast.product as advertised,A++++",null,null,null
965,"great item ,recommended seller,fast shipping",null,null,null
966,fast shipment. thank you,null,null,null
967,THANKS... love the wii!!!!,null,null,null
968,"fast shipping ,great item",null,null,null
969,Fast Shipping great Ebayer A+,null,null,null
970,Exactly as listed and SUPER fast shipping!!!  THANKS,null,null,null
971,SUPER FAST SHIPPING!! IT JUST TOOK 3DAYS!!!,null,null,null
972,"A superb seller.  Fast shipping and the item is a great piece of machinery,",null,null,null
973,++++++++++,null,null,null
974,Fast shipment....Great seller.....Thank you,null,null,null
975,A+++++++++++++++++++++++++,null,null,null
976,It was well shiped and they left great info for me,null,null,null
977,SUPER SELLER !!!!  Fast Shipping!!! Great product! BUY FROM THIS SELLER!,null,null,null
978,"good product, received quickly",null,null,null
979,seller does what he states. super fast shipping A+++++,null,null,null
980,Great seller!!!!!!!!!!!!,null,null,null
981,Good packaging and  fast shipping+++++++++++++++++++,null,null,null
982,"Item as described, fast, fast shipping, very satisfied.  would buy again",null,null,null
983,AS ADVERTISED. FAST DELIVERY. A+++,null,null,null
984,"Quick shipping, as described.  Thank you!",null,null,null
985,Fast Shipping - Product as Described - Would do Business Again!!,null,null,null
986,*** Very Fast Payment. Pleasure to do business with. Many Thanks. ***,null,kws1990,(Private listing)
987,Quick Shipment!  Great Seller!,null,null,null
988,Instant payment. Great ebayer. Thank you for your purchase. A++++++,null,571657978@deleted,(Private listing)
989,Instant payment. Great ebayer. Thank you for your purchase. A++++++,null,571657978@deleted,(Private listing)
990,FAST SHIPPING GREAT PRODUCT VERY SATISFIED THANKS,null,null,null
991,goos ish,null,null,null
992,GREAT transaction!,null,null,null
993,Great Seller/Great Item Just As Described/AAAAAAAAAA***************,null,null,null
994,got quickly,null,null,null
995,"Extemely pleased, quick shipping",null,null,null
996,Two thumbs up,null,null,null
997,"The system arrived fast and in perfect condition, everything as advertised.",null,null,null
998,"Fast shipping, item was just as described! Excellent eBayer!!!",null,null,null
999,"great seller,exactly as described, super fast shipping.",null,null,null
1000,"Fast shipping, items as stated, great transaction,  A+++++++++",null,null,null
1001,Very cute and sleek! Good product! A+++,null,null,null
1002,thank you good transaction monitor working fine,null,null,null
1003,"Fast, Good producti, Will buy from again  A++",null,null,null
1004,Great product very fast delivery AAAAAA,null,null,null
1005,"EXCELLENT SELLER, MEGA FAST SHIPPING, GREAT PACKING, FIVE STARS ALL THE WAY*****",null,null,null
1006,very quick shipping good ebayer.,null,null,null
1007,"Super fast delivery, works great, thanks for being there with this",null,null,null
1008,Worked Great.  Daughter Loved it!!!!!!!,null,null,null
1009,very fast shipping...great product...as described....A+++,null,null,null
1010,A+++++ We have had so much fun with this-,null,null,null
1011,Very satisfied with everything,null,null,null
1012,excellent quality and fast shipping,null,null,null
1013,Easy transaction.  Item was as described and shipped quickly.,null,null,null
1014,"Excellent seller, item as described + fast shipment.  Very Reliable.  A++",null,null,null
1015,Thank you,null,null,null
1016,Fastest shipping ever! A+++ Seller!!,null,null,null
1017,"Item as described, fast shipment, great ebayer!!!",null,null,null
1018,I felt the description was somewhat misleading.,null,null,null
1019,quick shipment and excellant product,null,null,null
1020,"JUST AMAZING, FASTEST SHIPPING EVER>>>THIS WAS PERFECT!!! THANK ...THANK YOU!!!!",null,null,null
1021,"Great communication, quick transaction.  Awesome eBayer!!!!!!!  Thank you!!!!!!!",null,null,null
1022,Fast delivery of Wii console - prompt attention to completing sale - Thanks!,null,null,null
1023,FAST SHIPPMENT  A+++,null,null,null
1024,Smooth transaction. Speedy delivery. AA++,null,null,null
1025,"Nice doing business with you, speedy delivery.  Thanks",null,null,null
1026,SUPER FAST DELIVERY! TOP SHELF!!!! WILL do business again. =],null,null,null
1027,Fast shipping-THANKS.,null,null,null
1028,"fast delivery, smooth transaction, thanks!",null,null,null
1029,fast shipping exactly what i ordered,null,null,null
1030,"Great product, just as described, quick shipping and excellent communication!!",null,null,null
1031,Great Transaction and Follow-up,null,null,null
1032,"Excellent to deal with, Shipped product same day, responded quickly to questions",null,null,null
1033,Everything went as promised. Better than waiting on line at Toy's R Us!,null,null,null
1034,"Great price, product, and Fast shipping.",null,null,null
1035,"Fast shipping, great product. Thanks!",null,null,null
1036,Quick Shipment. Product was as advertised. Easy Transaction.,null,null,null
1037,very quick transaction,null,null,null
1038,Super quick shipment!!!!!!  Thank you!!!!!,null,null,null
1039,"Very nice to deal with,  Shipping was very quick.  Item came very well packaged.",null,null,null
1040,A PLUS  The seller made my very first ebay shopping experience great!,null,null,null
1041,good deal!  Great item,null,null,null
1042,Fast Shipment.,null,null,null
1043,great seller,null,null,null
1044,ok,null,null,null
1045,came as advertised and appears all fine also timely,null,null,null
1046,great seller,null,null,null
1047,"Great product, great process, great service!!",null,null,null
1048,Item just as described.  Super fast shipping.  A++++++++,null,null,null
1049,A+,null,null,null
1050,+++++Very good ebayer.  Item as described,null,null,null
1051,Fantastic Seller!!!!,null,null,null
1052,great ebayer thanks!!!!,null,null,null
1053,"As advertised,smooth transaction",null,null,null
1054,ordered on Dec. 4th - received Dec.7th. Easy transaction. Super fast delivery!!!,null,null,null
1055,"Great to deal with .sipped quick, answered all ? excellent.",null,null,null
1056,Quick ship.  No hassles  Exactly as described,null,null,null
1057,Great seller; I had a few questions and they were all timely answered.,null,null,null
1058,"Excellent product, shipping and speed++++++++++++++++++",null,null,null
1059,All is well,null,null,null
1060,VERY QUICK SHIPMENT. THANKS,null,null,null
1061,Excellent Computer --- Excellent Ebayer,null,null,null
1062,Excellent Computer --- Thank You --- Great Ebayer,null,null,null
1063,Fast! Thanks for the transaction!,null,null,null
1064,"GREAT SELLER, EXACTLY AS DESCRIBED!",null,null,null
1065,A+++ & Fast!,null,null,null
1066,"item as described,smooth transaction",null,null,null
1067,Great seller fast shipment,null,null,null
1068,"quick shipping , a+ thank you",null,null,null
1069,Accurate Description,null,null,null
1070,Great! Thanks.,null,null,null
1071,Very good experience,null,null,null
1072,Excellent service. Thanks,null,null,null
1073,Great service.  You've made someone very happy this Christmas.  Thanks,null,null,null
1074,Very pleased. You can trust these people. Merry Christmas.,null,null,null
1075,Hope to deal with you again. Thank you.  An asset to the ebay community.,null,justpoundsandounces,null
1076,Quick and easy transaction,null,null,null
1077,Excellent Service!!,null,null,null
1078,great items!!!!,null,null,null
1079,quick shipment,null,null,null
1080,"Great Buyer, Fast Payment, Highly Recommended!!! A++++",null,eat-n-play,null
1081,"A+++! great seller! item exactly as described and swift,secure shipment,Thanks",null,null,null
1082,a+++  service and shipping!  Thanks,null,null,null
1083,Great customer service.  Thank you,null,null,null
1084,Product received super fast!  Seller was very cooperative & communicative.,null,null,null
1085,Great sellar.,null,null,null
1086,"In special message I asked to have shipped to my work, but they shipped home",null,null,null
1087,Fast transaction and shipping.  Thanks!,null,null,null
1088,good seller^^,null,null,null
1089,thanks,null,null,null
1090,"FABULOUS SELLER/great product,good price,immediate ship,unparalleled service!",null,null,null
1091,Great will make a few kids happy,null,null,null
1092,Great,null,null,null
1093,"Very fast shipping!! Very happy, would buy from again! Thanks!!",null,null,null
1094,Fast ship! Thanks! Quick to answer questions too.,null,null,null
1095,Super fast shipping.  Great Transaction!!,null,null,null
1096,not sellers fault fed ex horrible service   GREAT ITEM!!!!!!,null,null,null
1097,Great product.  Fast delivery.,null,null,null
1098,great service,null,null,null
1099,Very prompt shipping!  Thanks so much! Great seller.,null,null,null
1100,Just as described.  Would do business again.,null,null,null
1101,Everything was sent on time and packaged great,null,null,null
1102,very good,null,null,null
1103,Very quick shipment!!  Everything was packaged neatly.,null,null,null
1104,Received item quicker than other sellers.  This seller is on the ball for sure!!,null,null,null
1105,Fast shipment! A++ Product arrived exactly as advertised!,null,null,null
1106,"Absolutely amazing seller, received my item lightning fast. Thanks so much!!!",null,null,null
1107,"Very fast shipment, Christmas present, games in unit very easy to wrap.",null,null,null
1108,fast shipping  smooth tranaction thanks,null,null,null
1109,Okay to deal with; fast shipper; will do business again in the future!,null,null,null
1110,fast shipping.  good communicator  The wii is great  thanks,null,null,null
1111,We received the Wii in a few days and the reansaction was a breeze! Awsome!,null,null,null
1112,AWESOME QUICK SHIPMENT-THANKS,null,null,null
1113,great item perfect seller A++++++++,null,null,null
1114,fast shipping thanks,null,null,null
1115,Received Wii quickly and intact.,null,null,null
1116,"Super quick shipping, even wrapped to hide contents - thank you so much!",null,null,null
1117,Basically as advertised and arrived in 5 days,null,null,null
1118,"Received items in good time but had a question,Why no store copy receipt?",null,null,null
1119,fast shipping and answered questions quickly would do business again,null,null,null
1120,Very nice. as described and lightning fast shipping! Great ebayer.,null,null,null
1121,Very speedy shipping with excellent communication!!! Item as promised.,null,null,null
1122,** fast shipping great ebayer--Thank you,null,null,null
1123,SHIPPED AS PROMISED..THANKS !,null,null,null
1124,great ebayer,null,null,null
1125,"Excellent seller A++++, Very quick shipping",null,null,null
1126,"Extremely fast shipping, smooth transaction",null,null,null
1127,"Great seller, fast shiping A++++",null,null,null
1128,Perfect.  Thanks again.,null,null,null
1129,"Fast shipping, well-packaged.  Good Communication.  Thanks!",null,null,null
1130,Super fast delivery!  Thanks!,null,null,null
1131,Thanks for your purchase... awesome e-bayer!,null,cdtek,(Private listing)
1132,Great product.  Fast shipping.  AAAA++++++,null,null,null
1133,"I paid in tha AM, had a tracking# by the PM, OUTSTANDING, AAAAA",null,null,null
1134,The laptop came in time that was said and in the shape that we explained. A++,null,null,null
1135,Awesome! Quick Delivery.,null,null,null
1136,Great Transaction-Thanks!,null,null,null
1137,Thanks for your patience!  Fast Shipping!  Looks great!,null,null,null
1138,Just as promised!  Wonderful seller to deal with!  The best!  THANKS!!!,null,null,null
1139,Excellent Item.,null,null,null
1140,Great Communication. Item arrived quickly. Great Seller,null,null,null
1141,"Fast Shipping, Great to deal with!!",null,null,null
1142,Quick Shipping. Great Ebayer! Recommended!,null,null,null
1143,very good ebayer !,null,null,null
1144,"great transaction.  shipping costs seem high but oh well, got what i wanted",null,null,null
1145,asset to ebay speedy delivery,null,null,null
1146,"great ebayer fast delivery, Thanks",null,null,null
1147,"Very fast shipping, the same product listed. Everything perfect!!!",null,null,null
1148,Perfect Transaction!! Exactly as described Plus FAST ship!! Thanks! Recommended!,null,null,null
1149,"GREAT PRICED ITEM, FAST SHIPMENT",null,null,null
1150,Very fast delivery!  Very satisfied with the product I received!,null,null,null
1151,"Great price, fast shipping. AAAAAAA+++++ eBay seller!",null,null,null
1152,Item as described.  Fast shipping. 5 stars,null,null,null
1153,"Nice to deal with A++ , Thanks",null,null,null
1154,Wow! Smooth transaction and superfast shipment! Great ebayer!,null,null,null
1155,Good ebay guy,null,null,null
1156,"great item. shipped fast, thanks!",null,null,null
1157,arrived on time and as described,null,null,null
1158,"Top marks across the board, replied quickly to all my e-mails...solid seller.",null,null,null
1159,Excellent Transaction Quick and Smooth!! Thanks A++++,null,null,null
1160,Great communication and fast delivery!  Thanks!,null,null,null
1161,Item exactly as advertised.  Quick shipping. Reliable seller.  Thanks!,null,null,null
1162,Great no problems...I recommend seller,null,null,null
1163,"A+ Great Service, Promp Reply to Questions.",null,null,null
1164,"delivery was amazingly fast.product as advertised,A++++",null,null,null
1165,"great item ,recommended seller,fast shipping",null,null,null
1166,fast shipment. thank you,null,null,null
1167,THANKS... love the wii!!!!,null,null,null
1168,"fast shipping ,great item",null,null,null
1169,Fast Shipping great Ebayer A+,null,null,null
1170,Exactly as listed and SUPER fast shipping!!!  THANKS,null,null,null
1171,SUPER FAST SHIPPING!! IT JUST TOOK 3DAYS!!!,null,null,null
1172,"A superb seller.  Fast shipping and the item is a great piece of machinery,",null,null,null
1173,++++++++++,null,null,null
1174,Fast shipment....Great seller.....Thank you,null,null,null
1175,A+++++++++++++++++++++++++,null,null,null
1176,It was well shiped and they left great info for me,null,null,null
1177,SUPER SELLER !!!!  Fast Shipping!!! Great product! BUY FROM THIS SELLER!,null,null,null
1178,"good product, received quickly",null,null,null
1179,seller does what he states. super fast shipping A+++++,null,null,null
1180,Great seller!!!!!!!!!!!!,null,null,null
1181,Good packaging and  fast shipping+++++++++++++++++++,null,null,null
1182,"Item as described, fast, fast shipping, very satisfied.  would buy again",null,null,null
1183,AS ADVERTISED. FAST DELIVERY. A+++,null,null,null
1184,"Quick shipping, as described.  Thank you!",null,null,null
1185,Fast Shipping - Product as Described - Would do Business Again!!,null,null,null
1186,*** Very Fast Payment. Pleasure to do business with. Many Thanks. ***,null,kws1990,(Private listing)
1187,Quick Shipment!  Great Seller!,null,null,null
1188,Instant payment. Great ebayer. Thank you for your purchase. A++++++,null,571657978@deleted,(Private listing)
1189,Instant payment. Great ebayer. Thank you for your purchase. A++++++,null,571657978@deleted,(Private listing)
1190,FAST SHIPPING GREAT PRODUCT VERY SATISFIED THANKS,null,null,null
1191,goos ish,null,null,null
1192,GREAT transaction!,null,null,null
1193,Great Seller/Great Item Just As Described/AAAAAAAAAA***************,null,null,null
1194,got quickly,null,null,null
1195,"Extemely pleased, quick shipping",null,null,null
1196,Two thumbs up,null,null,null
1197,"The system arrived fast and in perfect condition, everything as advertised.",null,null,null
1198,"Fast shipping, item was just as described! Excellent eBayer!!!",null,null,null
1199,"great seller,exactly as described, super fast shipping.",null,null,null
1200,"Fast shipping, items as stated, great transaction,  A+++++++++",null,null,null
1201,Very cute and sleek! Good product! A+++,null,null,null
1202,thank you good transaction monitor working fine,null,null,null
1203,"Fast, Good producti, Will buy from again  A++",null,null,null
1204,Great product very fast delivery AAAAAA,null,null,null
1205,"EXCELLENT SELLER, MEGA FAST SHIPPING, GREAT PACKING, FIVE STARS ALL THE WAY*****",null,null,null
1206,very quick shipping good ebayer.,null,null,null
1207,"Super fast delivery, works great, thanks for being there with this",null,null,null
1208,Worked Great.  Daughter Loved it!!!!!!!,null,null,null
1209,very fast shipping...great product...as described....A+++,null,null,null
1210,A+++++ We have had so much fun with this-,null,null,null
1211,Very satisfied with everything,null,null,null
1212,excellent quality and fast shipping,null,null,null
1213,Easy transaction.  Item was as described and shipped quickly.,null,null,null
